Director,Time_span,Total_Money,Highest_rating
_agan Irmak,10,$827M,6
_lex de la Iglesia,6,$155M,10
_mer Faruk Sorak,1,$534M,6
_mer Vargi,2,$888M,6
_ric Lartigau,8,$366M,7
A.L. Vijay,9,$268M,8
A.R. Murugadoss,2,$700M,6
Aanand L. Rai,4,$519M,10
Aaron Schneider,1,$838M,6
Aaron Sorkin,1,$604M,7
Abbas Kiarostami,5,$271M,6
Abbas Tyrewala,9,$461M,9
Abdellatif Kechiche,2,$404M,8
Abel Ferrara,7,$472M,7
Abhinav Kashyap,8,$161M,8
Abhishek Chaubey,1,$939M,8
Abhishek Kapoor,5,$790M,6
Abhishek Varman,5,$928M,9
Adam Brooks,7,$167M,8
Adam Elliot,8,$171M,8
Adam Green,4,$418M,10
Adam McKay,3,$641M,8
Adam Randall,2,$836M,8
Adam Rifkin,5,$810M,7
Adam Robitel,2,$138M,8
Adam Shankman,4,$833M,10
Adam Wingard,2,$793M,7
Aditya Chopra,5,$946M,7
Aditya Dhar,10,$858M,10
Adrian Grunberg,10,$908M,10
Adrian Lyne,6,$980M,8
Adrienne Shelly,1,$464M,9
Advait Chandan,9,$127M,6
Afonso Poyart,4,$820M,10
Agnieszka Holland,4,$829M,6
Agnieszka Wojtowicz-Vosloo,9,$716M,10
Ahmed Khan,5,$174M,8
Ajay Devgn,9,$110M,7
Akan Satayev,3,$37M,8
Akira Kurosawa,1,$910M,6
Akiva Goldsman,9,$453M,8
Akiva Schaffer,4,$337M,10
Alain Chabat,4,$941M,6
Alain Resnais,5,$446M,10
Alan J. Pakula,5,$339M,6
Alan Metter,7,$481M,8
Alan Myerson,4,$882M,7
Alan Parker,2,$153M,10
Alan Poul,10,$24M,8
Alan Taylor,10,$643M,10
Albert Hughes,6,$701M,10
Alberto Rodríguez,4,$276M,6
Alejandro Agresti,10,$486M,10
Alejandro Amenábar,6,$471M,8
Alejandro G. Iñárritu,5,$158M,10
Alejandro Jodorowsky,9,$641M,6
Aleksander Bach,4,$788M,9
Aleksey Pimanov,1,$6M,9
Alex Cox,2,$653M,10
Alex Garland,2,$445M,10
Alex Hardcastle,8,$80M,7
Alex Kurtzman,9,$242M,10
Alex Proyas,9,$763M,6
Alexander Mackendrick,9,$22M,6
Alexander Payne,3,$676M,6
Alexander Witt,1,$184M,8
Alexandre Aja,9,$650M,8
Alfonso Arau,5,$91M,7
Alfonso Cuarón,6,$309M,10
Alfonso Gomez-Rejon,9,$747M,9
Alfred Hitchcock,1,$995M,10
Ali Abbas Zafar,5,$128M,10
Ali Abbasi,7,$526M,8
Ali Atay,10,$921M,6
Alice Wu,7,$787M,10
Alister Grierson,5,$664M,6
Allan Moyle,4,$116M,9
Allen Coulter,10,$386M,10
Allen Hughes,5,$210M,6
Alma Har'el,6,$20M,10
Alper Caglar,10,$489M,10
Amar Kaushik,2,$449M,7
Amit Ravindernath Sharma,3,$92M,8
Amitabh Reza Chowdhury,4,$796M,8
Amma Asante,10,$966M,10
Amy Heckerling,1,$992M,10
Amy Poehler,9,$252M,10
Ana Lily Amirpour,1,$745M,10
Anand Tucker,5,$597M,7
Anders Thomas Jensen,10,$100M,7
Anders Walter,5,$309M,8
Andrea Arnold,5,$27M,10
Andrea Di Stefano,5,$992M,9
Andrei Tarkovsky,1,$515M,8
Andrew Adamson,4,$99M,10
Andrew Bergman,10,$879M,6
Andrew Currie,6,$820M,9
Andrew Davis,9,$741M,7
Andrew Dominik,4,$549M,9
Andrew Fleming,6,$858M,10
Andrew Haigh,2,$830M,7
Andrew Jarecki,6,$609M,8
Andrew Jay Cohen,5,$665M,10
Andrew Niccol,9,$707M,7
Andrew Patterson,7,$43M,10
Andrew Stanton,1,$676M,10
Andrey Konchalovskiy,3,$292M,7
Andrey Zvyagintsev,5,$11M,7
Andrzej Bartkowiak,1,$44M,9
Andrzej Sekula,7,$447M,6
Andrzej Zulawski,8,$792M,10
André _vredal,1,$52M,7
Andrés Baiz,9,$55M,9
Andy Cadiff,7,$201M,8
Andy Fickman,7,$480M,7
Andy Muschietti,3,$784M,10
Andy Serkis,9,$611M,8
Andy Tennant,8,$842M,8
Anees Bazmee,8,$730M,7
Aneesh Chaganty,3,$782M,6
Ang Lee,4,$525M,7
Angela Robinson,1,$44M,6
Angelina Jolie,2,$219M,10
Angus MacLane,7,$927M,7
Aniruddha Roy Chowdhury,7,$77M,7
Anna Foerster,2,$490M,10
Anne Fletcher,4,$739M,10
Anne Fontaine,4,$255M,8
Anthony Harvey,9,$3M,7
Anthony Hemingway,10,$329M,8
Anthony Maras,5,$557M,7
Anthony Minghella,1,$994M,9
Anthony Waller,8,$557M,8
Antoine Fuqua,8,$733M,7
Anton Corbijn,9,$793M,8
Antoni Krauze,8,$62M,8
Antonia Bird,8,$282M,8
Antonio Campos,2,$629M,7
Antony Hoffman,7,$589M,7
Antti J. Jokinen,9,$977M,8
Anubhav Sinha,3,$962M,9
Anup Bhandari,4,$896M,7
Anurag Basu,3,$615M,7
Anurag Kashyap,7,$83M,7
Ari Aster,5,$658M,9
Ari Sandel,8,$666M,7
Ariel Vromen,9,$55M,9
Armando Iannucci,8,$101M,8
Arne Glimcher,7,$98M,9
Arthur Hiller,2,$511M,9
Arthur Penn,5,$459M,10
Asger Leth,5,$63M,6
Asghar Farhadi,6,$112M,7
Ashutosh Gowariker,8,$849M,7
Ate de Jong,1,$68M,9
Atlee,2,$131M,7
Atom Egoyan,1,$75M,7
Audrey Wells,1,$683M,9
Autumn de Wilde,3,$961M,10
Ava DuVernay,8,$36M,8
Ayan Mukerji,8,$281M,9
Babak Anvari,6,$166M,7
Babak Najafi,7,$630M,6
Baltasar Kormákur,5,$129M,8
Baran bo Odar,3,$876M,6
Barbet Schroeder,2,$241M,8
Barry Jenkins,10,$681M,9
Barry Levinson,7,$468M,6
Barry Skolnick,9,$967M,7
Barry Sonnenfeld,6,$924M,7
Barry W. Blaustein,4,$99M,8
Bart Freundlich,3,$118M,10
Bart Layton,7,$227M,9
Basil Joseph,1,$540M,6
Baz Luhrmann,8,$601M,6
Beeban Kidron,1,$254M,8
Ben Affleck,4,$95M,6
Ben Falcone,10,$554M,6
Ben Lewin,1,$191M,7
Ben Palmer,5,$955M,9
Ben Ramsey,5,$822M,7
Ben Stiller,7,$888M,6
Ben Wheatley,3,$950M,7
Ben Young,3,$479M,8
Ben Younger,8,$595M,7
Benh Zeitlin,8,$828M,8
Bennett Miller,2,$410M,9
Benny Chan,9,$608M,9
Bernardo Bertolucci,2,$878M,7
Betty Thomas,2,$530M,10
Bharat Nalluri,8,$209M,8
Bilal Lashari,3,$375M,9
Bill Condon,10,$317M,8
Bill Duke,5,$731M,6
Bill Holderman,4,$842M,8
Bill Kroyer,10,$460M,8
Bill Paxton,8,$650M,6
Bill Pohlad,7,$318M,8
Bille August,7,$882M,9
Bille Woodruff,2,$436M,7
Billy Bob Thornton,9,$827M,6
Billy Ray,4,$153M,8
Billy Wilder,10,$951M,9
Björn Runge,9,$911M,7
Blair Hayes,8,$587M,6
Blake Edwards,7,$331M,8
Bo Burnham,3,$74M,9
Bo Welch,6,$316M,7
Boaz Yakin,8,$225M,7
Bob Clark,10,$247M,8
Bob Fosse,7,$515M,8
Bob Gale,2,$736M,7
Bob Hathcock,10,$375M,10
Bob Odenkirk,4,$989M,10
Bob Rafelson,4,$919M,8
Bob Saget,8,$28M,10
Bob Spiers,8,$776M,7
Bobcat Goldthwait,8,$585M,9
Bong Joon Ho,5,$764M,9
Boots Riley,7,$867M,9
Bora Dagtekin,7,$66M,9
Boris Sagal,10,$543M,6
Brad Anderson,9,$806M,10
Brad Bird,9,$944M,9
Brad Furman,3,$280M,8
Brad Peyton,3,$931M,9
Brad Silberling,4,$132M,9
Bradley Cooper,8,$89M,9
Bradley Parker,10,$727M,8
Brandon Camp,3,$957M,8
Brandon Cronenberg,10,$550M,10
Breck Eisner,2,$413M,6
Brett Haley,6,$75M,10
Brett Leonard,2,$923M,10
Brett Ratner,9,$462M,6
Brian Andrew Mendoza,3,$579M,9
Brian Dannelly,5,$499M,8
Brian De Palma,4,$374M,6
Brian Fee,9,$730M,6
Brian G. Hutton,5,$554M,7
Brian Helgeland,5,$273M,8
Brian Henson,10,$789M,8
Brian Kirk,8,$851M,8
Brian Levant,6,$53M,10
Brian Percival,5,$216M,6
Brian Robbins,7,$857M,8
Bronwen Hughes,8,$434M,6
Bruce A. Evans,6,$397M,7
Bruce Beresford,9,$267M,8
Bruce Lee,3,$856M,10
Bruce Malmuth,3,$96M,9
Bruce Robinson,6,$297M,10
Bruno Barreto,7,$26M,6
Bryan Bertino,9,$914M,9
Bryan Singer,6,$733M,6
Buddy Van Horn,8,$503M,8
Burr Steers,9,$8M,8
Buster Keaton,9,$269M,9
Byron Haskin,5,$314M,6
C. Prem Kumar,7,$346M,6
Cal Brunker,10,$654M,6
Cameron Crowe,6,$600M,10
Camille Delamarre,4,$159M,6
Can Ulkay,7,$655M,9
Caradog W. James,6,$886M,9
Carl Franklin,8,$788M,9
Carl Reiner,3,$912M,9
Carl Rinsch,8,$52M,8
Carl Theodor Dreyer,4,$627M,8
Carlos López Estrada,4,$463M,8
Carlos Saldanha,1,$539M,6
Carol Reed,1,$888M,7
Carrie Cracknell,2,$232M,8
Carroll Ballard,7,$548M,7
Cary Joji Fukunaga,9,$617M,8
Cate Shortland,9,$693M,7
Catherine Hardwicke,5,$20M,7
Cathy Yan,10,$153M,8
Cecil B. DeMille,5,$774M,8
Cedric Nicolas-Troyan,3,$848M,8
Celal _imen,2,$960M,6
Cem Yilmaz,4,$707M,8
Chad Stahelski,1,$859M,7
Chandoo Mondeti,2,$144M,9
Chandra Prakash Dwivedi,9,$487M,7
Charles Chaplin,7,$824M,8
Charles Herman-Wurmfeld,4,$669M,10
Charles Laughton,3,$521M,9
Charles Shyer,10,$543M,10
Charles Stone III,1,$393M,6
Charles Vidor,1,$729M,8
Charlie Kaufman,8,$633M,10
Charlie McDowell,7,$378M,8
Chiwetel Ejiofor,9,$204M,10
Chloé Zhao,4,$357M,8
Chris Addison,3,$461M,9
Chris Appelhans,1,$714M,6
Chris Butler,7,$103M,8
Chris Carter,4,$586M,7
Chris Columbus,2,$308M,9
Chris Evans,9,$700M,8
Chris Kentis,7,$415M,7
Chris McKay,3,$17M,9
Chris Miller,3,$306M,8
Chris Nahon,8,$512M,10
Chris Nelson,10,$707M,10
Chris Noonan,1,$73M,7
Chris Peckover,3,$643M,6
Chris Renaud,8,$214M,6
Chris Rock,7,$23M,10
Chris Sanders,9,$613M,8
Chris Sivertson,8,$877M,9
Chris Stokes,9,$422M,10
Chris Wedge,8,$634M,6
Chris Weitz,7,$714M,7
Chris Williams,10,$951M,8
Christian Alvart,6,$359M,9
Christian Carion,5,$406M,9
Christian Ditter,5,$939M,6
Christian Duguay,8,$342M,10
Christian Gudegast,9,$732M,8
Christian Rivers,3,$416M,9
Christian Schwochow,10,$160M,6
Christine Jeffs,5,$238M,9
Christophe Barratier,9,$928M,7
Christophe Gans,10,$411M,10
Christopher Cain,3,$620M,8
Christopher Guest,2,$480M,10
Christopher Landon,3,$931M,6
Christopher McQuarrie,9,$568M,7
Christopher Morris,4,$229M,10
Christopher Nolan,9,$276M,7
Christopher Smith,7,$54M,6
Chuck Russell,2,$5M,6
Chung-Hyun Lee,2,$206M,6
Ciarán Foy,2,$819M,8
Claire Denis,9,$117M,10
Claire Scanlon,8,$370M,8
Clare Kilner,9,$302M,10
Clark Gregg,8,$861M,8
Clark Johnson,8,$137M,8
Claude Barras,5,$573M,7
Claude Berri,6,$491M,7
Claude Zidi,2,$108M,9
Claudio Fragasso,3,$475M,6
Clay Kaytis,7,$606M,8
Clea DuVall,3,$831M,9
Clint Eastwood,8,$575M,6
Colin Higgins,1,$823M,10
Colin Trevorrow,3,$575M,9
Colm McCarthy,4,$275M,6
Coralie Fargeat,2,$444M,7
Corey Yuen,2,$558M,9
Corin Hardy,6,$241M,10
Cory Finley,4,$559M,7
Costa-Gavras,7,$480M,10
Courtney Hunt,4,$130M,8
Courtney Solomon,9,$660M,7
Craig Brewer,4,$658M,8
Craig Gillespie,3,$437M,8
Craig Johnson,8,$571M,7
Craig Mazin,7,$791M,7
Craig Zobel,9,$674M,8
Cristian Mungiu,4,$742M,6
Curtis Hanson,2,$115M,8
Cy Endfield,10,$650M,7
Cédric Klapisch,6,$215M,6
Céline Sciamma,9,$406M,6
D.J. Caruso,7,$274M,6
Damien Chazelle,8,$461M,7
Damián Szifron,5,$262M,8
Dan Aykroyd,7,$539M,8
Dan Bradley,9,$172M,6
Dan Fogelman,10,$227M,10
Dan Gilroy,6,$603M,8
Dan Mazer,8,$328M,10
Dan O'Bannon,8,$418M,6
Dan Rush,8,$465M,10
Dan Scanlon,10,$452M,10
Dan Trachtenberg,1,$433M,10
Daniel Alfredson,9,$319M,7
Daniel Barber,8,$790M,6
Daniel Barnz,6,$954M,10
Daniel Espinosa,3,$817M,9
Daniel Goldhaber,8,$260M,8
Daniel Monzón,9,$523M,6
Daniel Nettheim,3,$631M,7
Daniel Ragussis,9,$253M,8
Daniel Ribeiro,3,$571M,7
Daniel Sackheim,10,$853M,8
Daniel Stamm,10,$279M,7
Daniel Stern,4,$111M,9
Danis Tanovic,7,$658M,9
Danny Boyle,4,$2M,9
Danny Cannon,2,$579M,6
Danny DeVito,7,$696M,9
Danny Leiner,6,$624M,7
Danny Steinmann,2,$554M,7
Dany Boon,4,$666M,7
Dario Argento,7,$778M,9
Darius Marder,8,$187M,7
Darren Aronofsky,9,$20M,9
Darren Lynn Bousman,7,$160M,8
Darren Stein,9,$159M,6
Dave Filoni,10,$32M,8
Dave Franco,9,$867M,7
Dave Green,6,$667M,8
Dave Meyers,7,$296M,8
Dave Wilson,1,$498M,6
David Anspaugh,3,$666M,10
David Ayer,9,$731M,9
David Barrett,3,$506M,8
David Blue Garcia,1,$698M,6
David Bowers,1,$265M,8
David Bruckner,1,$736M,9
David Carson,7,$304M,8
David Cronenberg,10,$457M,7
David Dhawan,6,$53M,8
David Dobkin,5,$973M,10
David F. Sandberg,8,$928M,8
David Fincher,9,$457M,10
David Frankel,5,$13M,10
David Gelb,5,$843M,10
David Gordon Green,3,$493M,10
David Hackl,1,$445M,10
David Kellogg,9,$575M,9
David Kerr,8,$754M,6
David Koepp,6,$833M,7
David Lean,7,$647M,10
David Leitch,10,$624M,10
David Lowery,1,$144M,9
David Lynch,10,$958M,9
David M. Rosenthal,6,$770M,6
David Mackenzie,10,$227M,10
David Mamet,9,$796M,7
David McNally,7,$592M,10
David Michôd,6,$7M,6
David Mickey Evans,6,$178M,8
David Mirkin,9,$757M,6
David O. Russell,1,$811M,10
David Prior,10,$971M,10
David R. Ellis,10,$273M,7
David Robert Mitchell,2,$635M,7
David S. Goyer,10,$929M,7
David S. Ward,6,$369M,8
David Schwimmer,6,$383M,8
David Silverman,10,$293M,7
David Slade,1,$15M,6
David Soren,1,$359M,6
David Twohy,5,$934M,7
David Von Ancken,8,$653M,8
David Wain,4,$828M,10
David Wnendt,6,$745M,8
David Yarovesky,3,$601M,9
David Yates,3,$429M,7
David Zucker,2,$810M,8
Dax Shepard,6,$440M,10
Dean DeBlois,9,$904M,7
Dean Devlin,2,$418M,7
Dean Israelite,6,$446M,6
Dean Parisot,9,$694M,8
Debra Granik,5,$48M,8
Declan Lowney,4,$570M,10
Dee Rees,5,$347M,8
Demian Lichtenstein,10,$73M,7
Denis Villeneuve,1,$869M,6
Deniz Gamze Ergüven,7,$964M,7
Dennie Gordon,7,$241M,7
Dennis Dugan,7,$436M,8
Dennis Gansel,5,$986M,9
Dennis Hopper,5,$692M,6
Denys Arcand,10,$273M,7
Denzel Washington,9,$427M,8
Deon Taylor,9,$306M,6
Derek Cianfrance,6,$867M,8
Derrick Borte,9,$327M,10
Desmond Davis,5,$553M,7
Destin Daniel Cretton,8,$578M,9
Dexter Fletcher,8,$696M,9
"Directors:Aamir Khan, Amole Gupte",7,$388M,7
"Directors:Aaron Blaise, Robert Walker",3,$973M,9
"Directors:Aaron Hann, Mario Miscione",2,$520M,10
"Directors:Aaron Nee, Adam Nee",2,$477M,6
"Directors:Aaron Seltzer, Jason Friedberg",9,$433M,9
"Directors:Abbas Alibhai Burmawalla, Mastan Alibhai Burmawalla",3,$633M,10
"Directors:Abby Kohn, Marc Silverstein",7,$103M,7
"Directors:Abhinay Deo, Akshat Verma",7,$773M,6
"Directors:Adil El Arbi, Bilall Fallah",6,$777M,9
"Directors:Akira Kurosawa, Ishirô Honda",10,$143M,7
"Directors:Akiva Schaffer, Jorma Taccone",4,$661M,10
"Directors:Albert Hughes, Allen Hughes",8,$585M,7
"Directors:Alessandro Carloni, Jennifer Yuh Nelson",9,$379M,7
"Directors:ALi Khan AK, Sharan Sharma",9,$963M,7
"Directors:Ali Taner Baltaci, Cem Yilmaz",6,$387M,8
"Directors:Allison Anders, Alexandre Rockwell, Robert Rodriguez, Quentin Tarantino, Chuck Jones",9,$82M,7
"Directors:Andrei Tarkovsky, Eduard Abalov",1,$112M,6
"Directors:Andrew Adamson, Kelly Asbury, Conrad Vernon",4,$473M,6
"Directors:Andrew Adamson, Vicky Jenson",5,$801M,10
"Directors:Andrew Lau, Alan Mak",5,$234M,9
"Directors:Andrew Stanton, Angus MacLane",5,$730M,10
"Directors:Andrew Stanton, Lee Unkrich",5,$462M,10
"Directors:Andrey Konchalovskiy, Albert Magnoli",4,$247M,7
"Directors:Anna Boden, Ryan Fleck",4,$870M,8
"Directors:Annabel Jankel, Rocky Morton",4,$0M,8
"Directors:Anthony Russo, Joe Russo",1,$271M,8
"Directors:Ash Brannon, Chris Buck",4,$901M,6
"Directors:Banjong Pisanthanakun, Parkpoom Wongpoom",4,$359M,10
"Directors:Barbara Bialowas, Tomasz Mandes",5,$293M,10
"Directors:Ben Howling, Yolanda Ramke",8,$745M,6
"Directors:Benny Chan, Jackie Chan",9,$19M,10
"Directors:Benny Safdie, Josh Safdie",5,$970M,6
"Directors:Bibo Bergeron, Don Paul, Jeffrey Katzenberg",3,$557M,9
"Directors:Bibo Bergeron, Vicky Jenson, Rob Letterman",3,$185M,10
"Directors:Bob Persichetti, Peter Ramsey, Rodney Rothman",7,$611M,8
"Directors:Bobby Farrelly, Peter Farrelly",6,$394M,6
"Directors:Brad Bird, Jan Pinkava",7,$98M,7
"Directors:Brenda Chapman, Steve Hickner, Simon Wells",7,$890M,9
"Directors:Brian Klugman, Lee Sternthal",4,$697M,8
"Directors:Byron Howard, Chris Williams",5,$659M,7
"Directors:Byron Howard, Rich Moore, Jared Bush",7,$629M,10
"Directors:Carlos Saldanha, Michael Thurmeier",9,$258M,9
"Directors:Chad Stahelski, David Leitch",2,$625M,6
"Directors:Charles Crichton, John Cleese",1,$36M,10
"Directors:Charles Guard, Thomas Guard",4,$2M,10
"Directors:Charlie Bean, Paul Fisher, Bob Logan",3,$117M,10
"Directors:Chia-Liang Liu, Jackie Chan",7,$294M,10
"Directors:Chris Buck, Jennifer Lee",9,$247M,7
"Directors:Chris Buck, Kevin Lima",7,$503M,10
"Directors:Chris Butler, Sam Fell",3,$456M,7
"Directors:Chris Miller, Raman Hui",3,$991M,7
"Directors:Chris Renaud, Jonathan del Val",1,$435M,9
"Directors:Chris Renaud, Kyle Balda",7,$21M,6
"Directors:Chris Wedge, Carlos Saldanha",7,$129M,6
"Directors:Chris Weitz, Paul Weitz",2,$603M,9
"Directors:Christopher Caldwell, Zeek Earl",9,$145M,9
"Directors:Clay Kaytis, Fergal Reilly",10,$36M,7
"Directors:Clyde Bruckman, Buster Keaton",9,$373M,8
"Directors:Clyde Geronimi, Hamilton Luske, Wolfgang Reitherman",1,$752M,6
"Directors:Clyde Geronimi, Wilfred Jackson, Hamilton Luske",4,$476M,6
"Directors:Clyde Geronimi, Wilfred Jackson, Hamilton Luske, Jack Cutting",8,$447M,10
"Directors:Clyde Geronimi, Wilfred Jackson, Hamilton Luske, Jack Kinney",5,$138M,6
"Directors:Cody Cameron, Kris Pearn",6,$529M,8
"Directors:Colin Minihan, Stuart Ortiz, The Vicious Brothers",8,$547M,7
"Directors:Cory Edwards, Todd Edwards, Tony Leech",6,$227M,7
"Directors:Courtney Hunt, Theresa A. Young",9,$826M,6
"Directors:Damon Beesley, Iain Morris",4,$269M,8
"Directors:Dan Kwan, Daniel Scheinert",4,$294M,9
"Directors:Daniel Myrick, Eduardo Sánchez",7,$130M,9
"Directors:Danny Boyle, Loveleen Tandan",7,$302M,7
"Directors:Danny Cannon, Michael Winterbottom",6,$301M,10
"Directors:Danny Pang, Oxide Chun Pang",1,$579M,7
"Directors:David Bowers, Sam Fell",9,$703M,9
"Directors:David Moreau, Xavier Palud",4,$437M,6
"Directors:David Palmer, Dax Shepard",6,$103M,10
"Directors:David Pastor, _lex Pastor",2,$644M,10
"Directors:Dean DeBlois, Chris Sanders",8,$553M,8
"Directors:Derek Drymon, Jennifer Kluska",8,$166M,9
"Directors:Don Bluth, Gary Goldman",5,$756M,7
"Directors:Don Bluth, Gary Goldman, Dan Kuenster",4,$30M,7
"Directors:Don Hall, Carlos López Estrada, Paul Briggs, John Ripa",10,$178M,10
"Directors:Don Hall, Chris Williams",3,$113M,10
"Directors:Don Siegel, Clint Eastwood",6,$745M,9
"Directors:Dorota Kobiela, Hugh Welchman",6,$758M,9
"Directors:Duke Johnson, Charlie Kaufman",2,$628M,9
"Directors:Elizabeth Banks, Steven Brill, Steve Carr, Rusty Cundieff, James Duffy, Griffin Dunne, Peter Farrelly, Patrik Forsberg, Will Graham, James Gunn, Brett Ratner, Jonathan van Tulleken, Bob Odenkirk",5,$669M,9
"Directors:Eric Bress, J. Mackye Gruber",7,$373M,6
"Directors:Eric Darnell, Simon J. Smith",3,$536M,7
"Directors:Eric Darnell, Tim Johnson",9,$415M,6
"Directors:Eric Darnell, Tom McGrath",9,$975M,10
"Directors:Eric Darnell, Tom McGrath, Conrad Vernon",8,$171M,10
"Directors:Eric Leighton, Ralph Zondag",10,$826M,7
"Directors:Eshom Nelms, Ian Nelms",2,$686M,7
"Directors:Ethan Coen, Joel Coen",3,$423M,8
"Directors:Ethan Maniquis, Robert Rodriguez",5,$945M,10
"Directors:Evan Goldberg, Seth Rogen",6,$711M,10
"Directors:Fatih Akin, Yvan Attal, Randall Balsmeyer, Allen Hughes, Shunji Iwai, Wen Jiang, Shekhar Kapur, Joshua Marston, Mira Nair, Natalie Portman, Brett Ratner",1,$956M,10
"Directors:Fernando Meirelles, Kátia Lund",9,$461M,10
"Directors:Frank M. Calo, Nick Hamm",9,$517M,8
"Directors:Frank Miller, Quentin Tarantino, Robert Rodriguez",2,$280M,6
"Directors:Frank Miller, Robert Rodriguez",1,$461M,10
"Directors:François Simard, Anouk Whissell, Yoann-Karl Whissell",3,$185M,6
"Directors:Frédéric Forestier, Thomas Langmann",7,$89M,7
"Directors:Garth Jennings, Christophe Lourdelet",5,$1M,10
"Directors:Gary Trousdale, Kirk Wise",2,$942M,7
"Directors:Gayatri, Pushkar, Gowtham Selvaraj",10,$246M,7
"Directors:George Miller, Gary Eck, David Peers",6,$329M,7
"Directors:George Miller, George Ogilvie",6,$48M,10
"Directors:George Miller, Warren Coleman, Judy Morris",8,$950M,7
"Directors:George P. Cosmatos, Kevin Jarre",6,$282M,8
"Directors:Gerald Potterton, John Bruno, John Halas, Julian Harris, Jimmy T. Murakami, Barrie Nelson, Paul Sabella, Jack Stokes, Pino Van Lamsweerde, Harold Whitaker",3,$547M,9
"Directors:Gerard Bush, Christopher Renz",3,$400M,10
"Directors:Glenn Ficarra, John Requa",9,$374M,9
"Directors:Graham Annable, Anthony Stacchi",6,$125M,7
"Directors:Greg Tiernan, Conrad Vernon",5,$968M,9
"Directors:Harry Elfont, Deborah Kaplan",3,$312M,8
"Directors:Hendel Butoy, Mike Gabriel",1,$306M,6
"Directors:Henry Joost, Ariel Schulman",5,$619M,6
"Directors:Hideaki Anno, Kazuya Tsurumaki",10,$420M,6
"Directors:Hideaki Anno, Shinji Higuchi",1,$164M,8
"Directors:Hironobu Sakaguchi, Motonori Sakakibara",7,$353M,7
"Directors:Howard Hawks, Arthur Rosson",3,$956M,9
"Directors:Howard Hawks, Richard Rosson",5,$592M,9
"Directors:Jack Fletcher, Yoshiaki Kawajiri",5,$88M,9
"Directors:Jackie Chan, Chi-Hwa Chen",7,$343M,10
"Directors:James Algar, Gaëtan Brizzi, Paul Brizzi, Hendel Butoy, Francis Glebas, Eric Goldberg, Don Hahn, Pixote Hunt",1,$147M,8
"Directors:James Algar, Samuel Armstrong, David Hand, Graham Heid, Bill Roberts, Paul Satterfield, Norman Wright, Arthur Davis, Clyde Geronimi",9,$407M,8
"Directors:James Algar, Samuel Armstrong, Ford Beebe Jr., Norman Ferguson, David Hand, Jim Handley, T. Hee, Wilfred Jackson, Hamilton Luske, Bill Roberts, Paul Satterfield, Ben Sharpsteen",2,$148M,6
"Directors:James Mather, Steve Saint Leger",3,$717M,6
"Directors:Jared Bush, Byron Howard, Charise Castro Smith",6,$890M,9
"Directors:Jared Stern, Sam J. Levine",2,$406M,10
"Directors:Jason Friedberg, Aaron Seltzer",8,$870M,9
"Directors:Jaume Balagueró, Paco Plaza",2,$138M,9
"Directors:Jay Duplass, Mark Duplass",7,$370M,7
"Directors:Jean Cocteau, René Clément",1,$338M,9
"Directors:Jean-Baptiste Andrea, Fabrice Canepa",10,$76M,7
"Directors:Jean-Pierre Dardenne, Luc Dardenne",6,$918M,9
"Directors:Jeff Schaffer, Alec Berg, David Mandel",5,$713M,7
"Directors:Jemaine Clement, Taika Waititi",4,$386M,6
"Directors:Jen Soska, Sylvia Soska",10,$762M,9
"Directors:Jennifer Flackett, Mark Levin",2,$716M,6
"Directors:Jeremy Dyson, Andy Nyman",9,$33M,10
"Directors:Jeremy Gillespie, Steven Kostanski",2,$880M,10
"Directors:Jerome Robbins, Robert Wise",3,$797M,8
"Directors:Jerry Paris, James Signorelli",10,$815M,10
"Directors:Jill Culton, Todd Wilderman",7,$635M,9
"Directors:Jim Abrahams, David Zucker, Jerry Zucker",2,$978M,6
"Directors:Jimmy Hayward, Steve Martino",6,$920M,9
"Directors:Joachim Rønning, Espen Sandberg",3,$725M,9
"Directors:Joe Dante, Chuck Jones",7,$657M,9
"Directors:Joe Dante, Eric Goldberg",10,$640M,7
"Directors:Joel Coen, Ethan Coen",6,$89M,7
"Directors:John Francis Daley, Jonathan Goldstein",9,$956M,9
"Directors:John Lasseter, Andrew Stanton",1,$23M,10
"Directors:John Lasseter, Ash Brannon, Lee Unkrich",2,$908M,9
"Directors:John Lasseter, Bradford Lewis",7,$339M,9
"Directors:John Lasseter, Joe Ranft",7,$369M,7
"Directors:John Lounsbery, Wolfgang Reitherman, Art Stevens",8,$686M,7
"Directors:John Lounsbery, Wolfgang Reitherman, Ben Sharpsteen",1,$437M,6
"Directors:John McTiernan, Michael Crichton",5,$275M,8
"Directors:Jon Hurwitz, Hayden Schlossberg",10,$576M,10
"Directors:Jon Lucas, Scott Moore",7,$593M,8
"Directors:Jonathan Dayton, Valerie Faris",6,$950M,10
"Directors:Jonathan Milott, Cary Murnion",2,$157M,6
"Directors:Jorge Blanco, Javier Abad, Marcos Martínez",5,$489M,6
"Directors:Josh Gordon, Will Speck",10,$901M,7
"Directors:Jules Bass, Arthur Rankin Jr.",8,$371M,10
"Directors:Juliano Dornelles, Kleber Mendonça Filho",7,$698M,9
"Directors:Justin Benson, Aaron Moorhead",7,$76M,6
"Directors:Karey Kirkpatrick, Jason Reisig",7,$5M,8
"Directors:Kelly Asbury, Lorna Cook",9,$718M,10
"Directors:Kelly Makin, Carl Gottlieb",6,$100M,10
"Directors:Ken Annakin, Andrew Marton, Gerd Oswald, Bernhard Wicki, Darryl F. Zanuck",8,$317M,8
"Directors:Kevin Altieri, Boyd Kirkland, Frank Paur, Dan Riba, Eric Radomski, Bruce Timm",4,$244M,9
"Directors:Kevin Kölsch, Dennis Widmyer",8,$440M,8
"Directors:Kirk DeMicco, Chris Sanders",9,$460M,6
"Directors:Kunihiko Yuyama, Michael Haigney",8,$654M,10
"Directors:Kyle Balda, Brad Ableson, Jonathan del Val",6,$826M,10
"Directors:Kyle Balda, Pierre Coffin",6,$244M,9
"Directors:Kyle Balda, Pierre Coffin, Eric Guillon",6,$433M,8
"Directors:Lana Wachowski, Lilly Wachowski",5,$406M,6
"Directors:Larry Clark, Edward Lachman",2,$699M,9
"Directors:Lawrence Raghavendra, Balakrishnan Thevar",8,$633M,10
"Directors:Lee Unkrich, Adrian Molina",9,$284M,6
"Directors:Les Clark, Clyde Geronimi, Eric Larson, Wolfgang Reitherman, Hamilton Luske",9,$155M,10
"Directors:Lou Adler, Tommy Chong",8,$34M,9
"Directors:Louis Leterrier, Corey Yuen",2,$767M,8
"Directors:Malcolm D. Lee, David Zucker",7,$938M,6
"Directors:Marc Caro, Jean-Pierre Jeunet",7,$443M,10
"Directors:Mark Andrews, Brenda Chapman, Steve Purcell",7,$537M,7
"Directors:Mark Burton, Richard Starzak",8,$98M,6
"Directors:Mark Dennis, Ben Foster",8,$594M,7
"Directors:Mark DiSalle, David Worth",4,$669M,7
"Directors:Mark Neveldine, Brian Taylor",3,$193M,8
"Directors:Mark Osborne, John Stevenson",10,$655M,9
"Directors:Martin Rosen, John Hubley",6,$809M,8
"Directors:Matt Bettinelli-Olpin, Tyler Gillett",5,$299M,7
"Directors:Michael Anderson, John Farrow",8,$478M,10
"Directors:Michael Apted, Curtis Hanson",3,$836M,8
"Directors:Michael Curtiz, William Keighley",3,$525M,8
"Directors:Michael Herz, Lloyd Kaufman",1,$112M,10
"Directors:Michael Powell, Emeric Pressburger",4,$822M,6
"Directors:Michael Radford, Massimo Troisi",7,$106M,8
"Directors:Michael Rianda, Jeff Rowe",5,$144M,6
"Directors:Michael Spierig, Peter Spierig",2,$997M,9
"Directors:Michael Thurmeier, Galen T. Chu",5,$113M,9
"Directors:Mike Gabriel, Eric Goldberg",2,$311M,6
"Directors:Mike Judge, Mike de Seve, Brian Mulroney, Yvette Kaplan",5,$61M,7
"Directors:Mike McCoy, Scott Waugh",5,$542M,10
"Directors:Mike Mitchell, Walt Dohrn",7,$386M,6
"Directors:Måns Mårlind, Björn Stein",8,$280M,10
"Directors:Nat Faxon, Jim Rash",7,$824M,6
"Directors:Nathan Greno, Byron Howard",6,$580M,10
"Directors:Nicholas Stoller, Doug Sweetland",2,$87M,10
"Directors:Nick Bruno, Troy Quane",2,$398M,6
"Directors:Norman Ferguson, T. Hee, Wilfred Jackson, Jack Kinney, Hamilton Luske, Bill Roberts, Ben Sharpsteen",8,$711M,8
"Directors:Olivier Assayas, Frédéric Auburtin, Gurinder Chadha, Sylvain Chomet, Ethan Coen, Joel Coen, Isabel Coixet, Wes Craven, Alfonso Cuarón, Gérard Depardieu, Christopher Doyle, Richard LaGravenese, Vincenzo Natali, Alexander Payne, Bruno Podalydès, Walter Salles, Oliver Schmitz, Nobuhiro Suwa, Daniela Thomas, Tom Tykwer, Gus Van Sant",1,$659M,6
"Directors:Olivier Nakache, _ric Toledano",1,$902M,8
"Directors:Orson Welles, Fred Fleck, Robert Wise",2,$809M,10
"Directors:Patrick Gilmore, Tim Johnson",3,$7M,6
"Directors:Paul Tibbitt, Mike Mitchell",1,$635M,7
"Directors:Paul Weitz, Chris Weitz",4,$271M,8
"Directors:Pete Docter, Bob Peterson",9,$841M,7
"Directors:Pete Docter, David Silverman, Lee Unkrich",6,$662M,7
"Directors:Pete Docter, Kemp Powers",1,$349M,10
"Directors:Pete Docter, Ronnie Del Carmen",7,$764M,10
"Directors:Peter Farrelly, Bobby Farrelly",6,$194M,6
"Directors:Peter Ho-Sun Chan, Wai-Man Yip",10,$281M,9
"Directors:Peter Lord, Jeff Newitt",4,$170M,7
"Directors:Peter Lord, Nick Park",10,$996M,7
"Directors:Phil Johnston, Rich Moore",6,$43M,8
"Directors:Phil Lord, Christopher Miller",4,$600M,6
"Directors:Phil Nibbelink, Simon Wells",2,$783M,10
"Directors:Pierre Coffin, Chris Renaud",9,$208M,10
"Directors:Rahi Anil Barve, Anand Gandhi, Adesh Prasad",8,$611M,6
"Directors:Rajesh Bhatia, Laxman Utekar",9,$13M,6
"Directors:Reema Kagti, Priyamvada Narayanan",5,$785M,10
"Directors:Reid Carolin, Channing Tatum",8,$556M,6
"Directors:Richard Fleischer, Kinji Fukasaku, Toshio Masuda, Akira Kurosawa",4,$725M,10
"Directors:Richard Glatzer, Wash Westmoreland",7,$8M,10
"Directors:Richard Lester, Richard Donner",3,$97M,8
"Directors:Ricky Gervais, Matthew Robinson",6,$801M,10
"Directors:Rob Epstein, Jeffrey Friedman",3,$685M,6
"Directors:Rob Letterman, Conrad Vernon",3,$443M,9
"Directors:Robert Rodriguez, Eli Roth, Quentin Tarantino, Edgar Wright, Rob Zombie",5,$111M,7
"Directors:Robert Stevenson, Ward Kimball",7,$939M,10
"Directors:Roger Allers, Jill Culton, Anthony Stacchi",4,$597M,6
"Directors:Roger Allers, Rob Minkoff",2,$990M,6
"Directors:Ron Clements, Burny Mattinson, David Michener, John Musker",3,$832M,8
"Directors:Ron Clements, John Musker",3,$985M,6
"Directors:Ron Clements, John Musker, Don Hall, Chris Williams",8,$543M,6
"Directors:Rémy Belvaux, André Bonzel, Benoît Poelvoorde",3,$948M,8
"Directors:Sam Fell, Robert Stevenhagen",4,$396M,9
"Directors:Sam Wood, Edmund Goulding",4,$938M,6
"Directors:Samuel Armstrong, Norman Ferguson, Wilfred Jackson, Jack Kinney, Bill Roberts, Ben Sharpsteen, John Elliotte",5,$887M,8
"Directors:Sarah Smith, Barry Cook",4,$801M,6
"Directors:Sarah Smith, Jean-Philippe Vine, Octavio E. Rodriguez",1,$327M,8
"Directors:Scott McGehee, David Siegel",9,$139M,8
"Directors:Sergio Pablos, Carlos Martínez López",1,$235M,10
"Directors:Severin Fiala, Veronika Franz",5,$775M,7
"Directors:Shari Springer Berman, Robert Pulcini",9,$539M,10
"Directors:Shin'ichirô Watanabe, Tensai Okamura, Hiroyuki Okiura, Yoshiyuki Takei",1,$728M,8
"Directors:Simon J. Smith, Steve Hickner",6,$788M,6
"Directors:Stanley Donen, Gene Kelly",1,$758M,7
"Directors:Stephen Hillenburg, Mark Osborne",3,$921M,8
"Directors:Stephen J. Anderson, Don Hall",4,$92M,10
"Directors:Steve Box, Nick Park",2,$217M,9
"Directors:Steve Martino, Michael Thurmeier",1,$228M,9
"Directors:Ted Berman, Richard Rich",9,$612M,9
"Directors:Ted Berman, Richard Rich, Art Stevens, David Hand, Wolfgang Reitherman",6,$516M,9
"Directors:Terry Gilliam, Terry Jones",4,$129M,7
"Directors:Terry Jones, Terry Gilliam",1,$650M,8
"Directors:Tetsuya Nomura, Takeshi Nozue",4,$972M,7
"Directors:Thurop Van Orman, John Rice",9,$895M,7
"Directors:Tim Burton, Mike Johnson",9,$363M,9
"Directors:Tim Hill, Steven Rimdzius",3,$732M,10
"Directors:Tim Johnson, Karey Kirkpatrick",2,$462M,8
"Directors:Tod Browning, Karl Freund",1,$17M,6
"Directors:Tom Tykwer, Lana Wachowski, Lilly Wachowski",4,$598M,7
"Directors:Tomm Moore, Nora Twomey",2,$206M,6
"Directors:Tomm Moore, Ross Stewart",3,$800M,6
"Directors:Tony Bancroft, Barry Cook",9,$369M,9
"Directors:Tony Jaa, Panna Rittikrai",9,$182M,10
"Directors:Tyler Nilson, Michael Schwartz",3,$307M,8
"Directors:Val Guest, Ken Hughes, John Huston, Joseph McGrath, Robert Parrish, Richard Talmadge",3,$529M,7
"Directors:Victor Fleming, George Cukor, Sam Wood",1,$825M,7
"Directors:Vincent Paronnaud, Marjane Satrapi",2,$933M,7
"Directors:Wei Lo, Chia-Hsiang Wu",6,$146M,8
"Directors:William Cottrell, David Hand, Wilfred Jackson, Larry Morey, Perce Pearce, Ben Sharpsteen",2,$819M,6
"Directors:Wolfgang Reitherman, Clyde Geronimi, David Hand",9,$52M,6
"Directors:Wolfgang Reitherman, David Hand",5,$821M,6
"Directors:Yarrow Cheney, Scott Mosier",6,$386M,6
"Directors:Yilmaz Erdogan, _mer Faruk Sorak",1,$689M,9
"Directors:Zach Lipovsky, Adam B. Stein",8,$792M,6
Dito Montiel,9,$144M,9
Divyang Thakkar,3,$204M,6
Dome Karukoski,3,$880M,9
Domee Shi,7,$294M,7
Dominic Cooke,10,$686M,9
Dominic Sena,1,$852M,9
Don Bluth,1,$284M,7
Don Chaffey,4,$57M,6
Don Coscarelli,3,$983M,8
Don Mancini,2,$375M,6
Don Scardino,10,$290M,9
Don Siegel,8,$887M,8
Don Taylor,9,$252M,9
Donald Petrie,7,$691M,9
Donovan Marsh,2,$536M,7
Doug Ellin,5,$247M,8
Doug Lefler,8,$696M,7
Doug Liman,5,$720M,7
Douglas McGrath,3,$31M,6
Douglas Trumbull,6,$981M,7
Drake Doremus,3,$417M,8
Drew Barrymore,5,$473M,7
Drew Goddard,7,$936M,6
Drew Pearce,2,$831M,9
Duncan Jones,8,$924M,6
Duncan Skiles,3,$887M,9
Duncan Tucker,9,$534M,8
Duwayne Dunham,1,$708M,8
Dwight H. Little,2,$867M,8
E. Elias Merhige,1,$313M,6
Ed Decter,9,$817M,10
Ed Harris,5,$730M,10
Edgar Wright,6,$526M,6
Edward Dmytryk,7,$834M,7
Edward Norton,4,$3M,9
Edward Zwick,2,$178M,7
Elem Klimov,2,$571M,10
Eli Craig,8,$567M,7
Eli Roth,8,$982M,8
Elia Kazan,7,$393M,10
Eliza Hittman,6,$448M,9
Elizabeth Allen Rosenbaum,6,$760M,7
Elizabeth Banks,2,$486M,7
Elliott Lester,5,$855M,6
Ellory Elkayem,4,$431M,6
Emerald Fennell,8,$799M,7
Emile Ardolino,7,$32M,9
Emilio Estevez,5,$985M,10
Emilis Velyvis,1,$241M,9
Emir Kusturica,10,$751M,10
Enrico Casarosa,3,$406M,8
Eran Creevy,1,$312M,10
Eric Brevig,3,$918M,10
Eric Heisserer,9,$102M,8
Eric Valette,8,$659M,8
Ericson Core,10,$867M,7
Erik Van Looy,8,$532M,9
Ernest R. Dickerson,9,$10M,7
Ernie Barbarash,9,$905M,7
Ernst Lubitsch,6,$111M,10
Ertem Egilmez,5,$104M,10
Etan Cohen,6,$828M,7
Eugenio Derbez,10,$822M,7
Everardo Gout,1,$174M,9
F. Gary Gray,8,$647M,7
F. Javier Gutiérrez,8,$613M,8
F.W. Murnau,6,$854M,7
Fabián Bielinsky,4,$83M,8
Farah Khan,8,$664M,10
Farhad Safinia,7,$672M,6
Farhad Samji,3,$174M,7
Farhan Akhtar,1,$695M,6
Faruk Aksoy,2,$457M,10
Fatih Akin,8,$452M,7
Fede Alvarez,6,$269M,8
Federico Fellini,6,$410M,10
Felix Herngren,6,$522M,9
Felix van Groeningen,9,$326M,7
Ferdinando Cito Filomarino,3,$217M,8
Fernando González Molina,1,$976M,7
Fernando Meirelles,9,$103M,9
Fisher Stevens,2,$187M,7
Florent-Emilio Siri,10,$694M,10
Floria Sigismondi,10,$349M,9
Florian Gallenberger,6,$704M,8
Florian Henckel von Donnersmarck,4,$96M,10
Florian Zeller,7,$284M,10
Forest Whitaker,6,$475M,10
Fran Rubel Kuzui,10,$111M,9
Francis Annan,7,$692M,7
Francis Ford Coppola,4,$169M,7
Francis Lawrence,9,$573M,6
Francis Lee,10,$112M,6
Francis Veber,4,$263M,6
Franck Khalfoun,4,$224M,6
Franco Zeffirelli,8,$842M,8
Frank Capra,3,$46M,9
Frank Coraci,8,$701M,6
Frank Darabont,2,$118M,6
Frank Marshall,5,$500M,7
Frank Miller,7,$534M,9
Frank Oz,8,$208M,6
Franklin J. Schaffner,1,$868M,9
Frant Gwo,7,$393M,7
François Girard,1,$797M,7
François Ozon,9,$549M,10
François Truffaut,8,$218M,10
Fraser C. Heston,2,$685M,7
Fred Dekker,1,$163M,6
Fred Schepisi,1,$66M,10
Fred Wolf,9,$757M,7
Fred Zinnemann,7,$330M,6
Fredrik Bond,6,$79M,10
Fritz Lang,3,$932M,8
Gabe Ibáñez,4,$823M,9
Gabor Csupo,3,$543M,10
Gabriele Muccino,7,$689M,9
Gareth Carrivick,2,$423M,10
Gareth Edwards,10,$506M,9
Gareth Evans,2,$159M,9
Garry Marshall,4,$303M,7
Garth Davis,8,$967M,10
Garth Jennings,7,$813M,7
Gary Dauberman,1,$3M,6
Gary David Goldberg,2,$4M,10
Gary Fleder,8,$457M,7
Gary Goddard,8,$763M,9
Gary McKendry,6,$270M,10
Gary Nelson,6,$181M,6
Gary Ross,1,$613M,6
Gary Shore,10,$448M,10
Gary Sinise,10,$349M,9
Gary Winick,8,$327M,7
Gaspar Noé,10,$801M,10
Gauri Shinde,4,$308M,8
Gavin Hood,5,$124M,7
Gavin O'Connor,7,$105M,10
Gavin Wiesen,9,$946M,10
Gene Quintano,2,$268M,8
Gene Saks,10,$283M,9
Gene Stupnitsky,4,$392M,10
Genndy Tartakovsky,7,$954M,8
Geoff Murphy,6,$157M,7
Geoffrey Sax,10,$225M,8
Geoffrey Wright,9,$602M,9
George A. Romero,10,$28M,7
George Armitage,3,$440M,9
George C. Wolfe,5,$447M,6
George Clooney,5,$616M,9
George Cukor,10,$28M,9
George Dunning,5,$634M,9
George Gallo,10,$384M,8
George Lucas,6,$502M,6
George Miller,2,$47M,8
George Nolfi,6,$723M,9
George P. Cosmatos,2,$179M,10
George Roy Hill,5,$742M,7
George Scribner,8,$563M,9
George Seaton,8,$436M,10
George Sluizer,7,$276M,10
George Stevens,3,$209M,10
George Tillman Jr.,7,$877M,8
George Waggner,2,$554M,10
Georges Franju,10,$172M,9
Gerard Johnstone,9,$572M,10
Gerard McMurray,4,$79M,8
Gia Coppola,1,$88M,7
Gideon Raff,1,$548M,8
Gil Junger,9,$231M,9
Gil Kenan,8,$82M,9
Gilles Paquet-Brenner,6,$706M,10
Gillian Armstrong,9,$609M,10
Gillian Robespierre,8,$168M,6
Gillo Pontecorvo,4,$655M,10
Gina Prince-Bythewood,6,$224M,9
Giuseppe Tornatore,2,$894M,6
Gonzalo López-Gallego,10,$263M,8
Goran Dukic,5,$566M,8
Gordon Chan,10,$137M,6
Gore Verbinski,1,$775M,10
Gorô Miyazaki,7,$910M,8
Graham Moore,7,$741M,9
Grant Heslov,6,$485M,8
Grant Sputore,3,$187M,8
Greg Berlanti,6,$439M,10
Greg Coolidge,8,$570M,10
Greg Marcks,1,$556M,10
Greg McLean,10,$874M,6
Greg Mottola,9,$744M,6
Gregg Araki,8,$408M,8
Gregor Jordan,1,$6M,7
Gregory Hoblit,9,$831M,10
Gregory Jacobs,4,$349M,7
Gregory Nava,7,$851M,8
Gregory Plotkin,5,$281M,6
Gregory Widen,7,$252M,7
Gregory Wilson,4,$524M,10
Greta Gerwig,7,$131M,7
Griffin Dunne,3,$322M,10
Guillaume Canet,3,$707M,6
Guillem Morales,10,$249M,9
Guillermo del Toro,1,$683M,7
Gurinder Chadha,10,$131M,10
Gus Van Sant,10,$817M,9
Gustav Möller,9,$993M,10
Guy Ferland,6,$796M,10
Guy Hamilton,7,$747M,7
Guy Ritchie,5,$657M,8
Géla Babluani,5,$254M,6
Gérard Krawczyk,3,$597M,6
Gérard Pirès,1,$234M,7
Gökhan Gök,2,$100M,7
Hal Ashby,4,$162M,8
Hal Needham,8,$719M,7
Hallie Meyers-Shyer,3,$484M,6
Hang-jun Jang,7,$384M,9
Hannes Holm,3,$913M,8
Hans Petter Moland,1,$527M,9
Hans Weingartner,7,$859M,10
Hanu Raghavapudi,5,$586M,8
Hany Abu-Assad,3,$990M,10
Harald Zwart,1,$512M,9
Hark Tsui,4,$333M,8
Harmony Korine,9,$32M,10
Harold Becker,7,$616M,9
Harold Cronk,10,$809M,8
Harold Ramis,4,$406M,10
Harry Bradbeer,6,$845M,6
Harry Hook,2,$781M,10
Haruo Sotozaki,9,$845M,8
Hayao Miyazaki,5,$583M,9
Heitor Dhalia,4,$746M,7
Henri-Georges Clouzot,10,$243M,9
Henry Alex Rubin,3,$433M,9
Henry Bean,1,$9M,10
Henry Hathaway,4,$874M,7
Henry Hobson,7,$394M,7
Henry Koster,5,$957M,10
Henry Selick,3,$184M,9
Herbert Ross,4,$983M,7
Herk Harvey,2,$51M,6
Herman Yau,4,$667M,8
Hernán Jiménez,10,$589M,7
Hideo Nakata,8,$855M,6
Hirokazu Koreeda,8,$573M,6
Hiromasa Yonebayashi,9,$768M,9
Hiroyuki Morita,7,$976M,7
Howard Deutch,8,$549M,9
Howard Hawks,2,$518M,10
Howard McCain,2,$643M,10
Howard Zieff,9,$583M,8
Hoyt Yeatman,2,$648M,10
Hrishikesh Mukherjee,8,$6M,7
Hugh Hudson,7,$83M,6
Hugh Wilson,1,$259M,10
Hugo Gélin,2,$656M,8
Hüdaverdi Yavuz,3,$780M,10
Iain Softley,2,$468M,9
Ian MacNaughton,5,$984M,7
Ian Samuels,8,$200M,6
Il Cho,5,$171M,10
Ildikó Enyedi,8,$254M,10
Ilya Naishuller,8,$205M,6
Imtiaz Ali,3,$804M,7
Ingmar Bergman,2,$486M,6
Irvin Kershner,9,$519M,10
Irwin Winkler,1,$380M,8
Isabel Coixet,8,$574M,10
Isao Takahata,10,$394M,9
Ivan Reitman,6,$874M,6
J Blakeson,1,$284M,7
J. Lee Thompson,1,$883M,6
J.A. Bayona,2,$682M,8
J.B. Rogers,4,$663M,8
J.C. Chandor,5,$457M,8
J.J. Abrams,9,$438M,9
J.J. Perry,1,$803M,6
Jack Clayton,6,$824M,6
Jaco Van Dormael,3,$972M,10
Jacob Estes,6,$374M,9
Jacques Audiard,1,$315M,9
Jacques Demy,7,$521M,10
Jacques Tourneur,8,$641M,9
Jae-young Kwak,1,$355M,9
Jake Kasdan,5,$514M,9
Jake Schreier,8,$156M,8
Jake Szymanski,7,$721M,7
Jalmari Helander,5,$200M,8
James Bobin,9,$875M,10
James Bridges,4,$159M,10
James Cameron,5,$244M,10
James DeMonaco,2,$439M,6
James Fargo,2,$198M,8
James Foley,8,$877M,8
James Franco,10,$62M,8
James Frawley,6,$739M,6
James Gartner,8,$74M,9
James Gray,2,$386M,6
James Gunn,3,$636M,10
James Ivory,10,$2M,9
James Kent,5,$899M,9
James L. Brooks,2,$176M,7
James Mangold,5,$137M,8
James Marsh,10,$804M,8
James McTeigue,5,$746M,7
James Merendino,8,$872M,7
James Ponsoldt,10,$700M,7
James Wan,4,$67M,9
James Ward Byrkit,4,$784M,8
James Watkins,9,$454M,8
James Whale,9,$807M,8
James Wong,9,$602M,9
Jamie Babbit,10,$706M,8
Jamie Blanks,7,$196M,6
Jamie Linden,3,$921M,8
Jamie Uys,2,$645M,6
Jan de Bont,6,$575M,8
Jane Campion,9,$845M,7
Janus Metz,3,$604M,9
Jared Hess,3,$94M,6
Jasmila Zbanic,10,$690M,8
Jason Bateman,1,$528M,7
Jason Bloom,8,$667M,6
Jason Eisener,3,$806M,10
Jason Howden,9,$446M,8
Jason Moore,10,$857M,7
Jason Reitman,6,$611M,8
Jason Winer,2,$86M,7
Jason Woliner,1,$770M,7
Jason Zada,3,$46M,9
Jaume Balagueró,2,$769M,10
Jaume Collet-Serra,2,$666M,8
Jay Chandrasekhar,5,$687M,6
Jay Levey,5,$890M,9
Jay Roach,2,$978M,9
Jay Russell,6,$527M,9
Jean Renoir,4,$823M,9
Jean-Baptiste Andrea,7,$800M,8
Jean-Claude Van Damme,2,$850M,7
Jean-François Richet,4,$740M,10
Jean-Jacques Annaud,7,$670M,8
Jean-Luc Godard,3,$991M,9
Jean-Marc Vallée,2,$306M,10
Jean-Marie Poiré,7,$548M,8
Jeannot Szwarc,9,$883M,9
Jean-Pierre Jeunet,7,$806M,9
Jean-Pierre Melville,3,$277M,8
Jeethu Joseph,10,$929M,9
Jee-woon Kim,1,$994M,8
Jeff Chan,3,$660M,10
Jeff Fowler,7,$990M,10
Jeff Kanew,8,$538M,6
Jeff Nichols,10,$49M,9
Jeff Renfroe,5,$513M,7
Jeff Tomsic,6,$873M,6
Jeff Tremaine,4,$173M,6
Jeff Wadlow,9,$698M,8
Jeffrey Blitz,8,$728M,9
Jeffrey Nachmanoff,4,$268M,9
Je-kyu Kang,9,$880M,8
Jennifer Kaytin Robinson,3,$824M,8
Jennifer Kent,7,$14M,9
Jennifer Westfeldt,4,$636M,8
Jennifer Yuh Nelson,1,$543M,7
Jenny Gage,1,$334M,7
Jeong-beom Lee,1,$915M,8
Jeremiah S. Chechik,10,$731M,9
Jeremiah Zagar,10,$919M,7
Jeremy Garelick,1,$655M,8
Jeremy Leven,2,$668M,6
Jeremy Saulnier,8,$849M,8
Jerry Paris,5,$973M,10
Jerry Rees,9,$48M,8
Jerry Zaks,9,$865M,9
Jerry Zucker,6,$757M,6
Jesse Dylan,3,$178M,9
Jesse Peretz,3,$308M,9
Jessica Bendinger,9,$408M,7
Jessica Sharzer,1,$25M,9
Jessie Nelson,7,$509M,7
Jeymes Samuel,9,$92M,6
Jez Butterworth,2,$119M,7
Jieho Lee,6,$518M,10
Jim Abrahams,5,$405M,6
Jim Drake,6,$823M,10
Jim Fall,1,$334M,10
Jim Field Smith,3,$790M,6
Jim Gillespie,10,$224M,10
Jim Jarmusch,1,$66M,9
Jim Mickle,8,$887M,10
Jim Sharman,10,$490M,8
Jim Sheridan,3,$918M,9
Jimmy Hayward,4,$577M,6
Joachim Trier,4,$825M,6
Joan Chen,6,$825M,8
Joby Harold,8,$370M,6
Jocelyn Moorhouse,7,$229M,8
Jodie Foster,3,$874M,8
Jody Hill,6,$23M,10
Joe Berlinger,10,$708M,6
Joe Carnahan,10,$897M,10
Joe Charbanic,9,$507M,9
Joe Cornish,1,$164M,8
Joe Dante,3,$561M,10
Joe Johnston,2,$574M,9
Joe Nussbaum,9,$478M,6
Joe Penna,3,$548M,6
Joe Pytka,6,$68M,9
Joe Roth,10,$340M,7
Joe Swanberg,2,$493M,10
Joe Wright,10,$385M,7
Joel Coen,1,$276M,7
Joel Crawford,5,$344M,10
Joel Edgerton,8,$681M,10
Joel Gallen,4,$541M,7
Joel Schumacher,1,$670M,10
Joel Zwick,4,$170M,10
Johannes Roberts,9,$717M,9
John A. Davis,7,$836M,8
John August,8,$244M,10
John Badham,3,$107M,9
John Bonito,3,$934M,10
John Boorman,6,$873M,8
John Cameron Mitchell,1,$652M,10
John Carney,9,$899M,8
John Carpenter,2,$929M,8
John Cassavetes,2,$325M,10
John Cornell,2,$344M,8
John Crowley,6,$344M,10
John Curran,6,$598M,10
John Dahl,8,$312M,10
John Erick Dowdle,3,$546M,6
John Fawcett,10,$421M,9
John Flynn,9,$976M,9
John Ford,2,$956M,7
John Fortenberry,7,$964M,8
John Frankenheimer,5,$456M,7
John G. Avildsen,1,$606M,10
John Glen,2,$356M,8
John Guillermin,6,$594M,7
John Gulager,10,$91M,10
John Hamburg,3,$438M,6
John Herzfeld,4,$843M,10
John Hillcoat,10,$143M,9
John Hughes,4,$777M,7
John Huston,10,$173M,7
John Irvin,7,$247M,6
John Krasinski,7,$539M,10
John Krokidas,10,$979M,7
John Landis,9,$3M,9
John Lasseter,6,$121M,6
John Lee Hancock,3,$985M,7
John Luessenhop,7,$278M,7
John Maclean,4,$429M,8
John Madden,10,$65M,7
John Mathew Matthan,6,$74M,6
John Maybury,2,$941M,9
John McNaughton,4,$577M,10
John McTiernan,10,$305M,10
John Michael McDonagh,6,$42M,7
John Milius,4,$854M,8
John Moore,7,$163M,8
John N. Smith,10,$838M,9
John Pasquin,1,$471M,9
John Patrick Shanley,8,$577M,10
John Poliquin,5,$83M,9
John Polson,4,$513M,8
John R. Leonetti,8,$166M,10
John Sayles,2,$160M,8
John Schlesinger,3,$925M,6
John Singleton,10,$399M,9
John Stockwell,9,$632M,8
John Sturges,8,$894M,9
John Waters,9,$910M,6
John Wells,9,$62M,10
John Whitesell,6,$232M,9
John Woo,8,$147M,6
Jon Amiel,7,$816M,8
Jon Avnet,5,$333M,8
Jon Favreau,7,$603M,8
Jon M. Chu,10,$695M,7
Jon Poll,2,$153M,9
Jon S. Baird,9,$367M,9
Jon Turteltaub,7,$196M,8
Jon Watts,6,$685M,6
Jonah Hill,8,$920M,9
Jonas _kerlund,10,$26M,10
Jonathan Demme,2,$322M,9
Jonathan English,5,$895M,8
Jonathan Frakes,4,$186M,7
Jonathan Glazer,3,$476M,7
Jonathan Helpert,9,$965M,6
Jonathan Hensleigh,8,$949M,10
Jonathan Kaplan,3,$609M,9
Jonathan Kasdan,10,$521M,10
Jonathan King,9,$432M,6
Jonathan Levine,1,$551M,6
Jonathan Liebesman,1,$225M,8
Jonathan Lynn,5,$197M,8
Jonathan Mostow,5,$173M,8
Jonathan Teplitzky,5,$434M,8
Jordan Peele,8,$472M,8
Jordan Vogt-Roberts,1,$638M,6
Jorge R. Gutiérrez,6,$504M,7
Jorma Taccone,1,$529M,10
Josef Rusnak,10,$184M,9
Joseph Gordon-Levitt,1,$436M,10
Joseph Kahn,6,$330M,7
Joseph Kosinski,9,$217M,8
Joseph L. Mankiewicz,1,$834M,8
Joseph Ruben,9,$360M,7
Joseph Sargent,5,$152M,6
Joseph Vilsmaier,3,$442M,7
Josh Boone,9,$661M,7
Josh Cooley,6,$793M,10
Josh Lawson,5,$617M,6
Josh Radnor,8,$308M,6
Josh Trank,8,$289M,10
Joshua Marston,10,$933M,9
Joshua Michael Stern,9,$285M,6
Josie Rourke,2,$604M,6
Joss Whedon,1,$893M,9
José Padilha,8,$236M,8
Juan Carlos Fresnadillo,8,$962M,8
Juan José Campanella,4,$164M,8
Juan Solanas,6,$660M,6
Judd Apatow,3,$694M,10
Jules Dassin,6,$355M,8
Julia Ducournau,5,$709M,8
Julia Leigh,1,$39M,7
Julian Gilbey,2,$41M,9
Julian Jarrold,6,$846M,9
Julian Schnabel,8,$892M,6
Julie Anne Robinson,2,$928M,9
Julie Delpy,1,$603M,8
Julie Taymor,3,$174M,7
Julio Medem,2,$401M,10
Julius Avery,10,$17M,10
Julius Onah,2,$419M,6
Justin Baldoni,8,$123M,10
Justin Chadwick,1,$543M,7
Justin Kerrigan,8,$945M,6
Justin Kurzel,10,$809M,6
Justin Lin,5,$509M,6
Justin Reardon,9,$379M,8
Justin Simien,8,$435M,7
Justin Zackham,9,$411M,7
Jérémy Clapin,10,$869M,9
K.K. Radhakrishna Kumar,4,$263M,6
Kabir Khan,4,$129M,6
Kaige Chen,4,$925M,10
Kamal Haasan,1,$3M,10
Kamil Cetin,4,$332M,8
Karan Johar,2,$804M,8
Karan Malhotra,9,$995M,7
Kar-Wai Wong,2,$577M,6
Karyn Kusama,6,$561M,6
Kasi Lemmons,9,$123M,9
Kat Coiro,10,$320M,8
Kathryn Bigelow,9,$612M,7
Katsuhiro _tomo,9,$10M,9
Kay Cannon,3,$223M,6
Kazuaki Kiriya,5,$429M,9
Keanu Reeves,2,$542M,7
Keenen Ivory Wayans,5,$305M,7
Keishi Otomo,4,$490M,8
Keith English,1,$443M,8
Kelly Asbury,2,$181M,6
Kelly Fremon Craig,8,$455M,9
Ken Finkleman,2,$852M,6
Ken Kwapis,1,$502M,9
Ken Loach,4,$243M,10
Ken Scott,7,$838M,9
Kenneth Branagh,2,$285M,7
Kenneth Johnson,10,$784M,9
Kenneth Lonergan,9,$225M,7
Kenny Ortega,9,$511M,7
Kent Alterman,3,$770M,10
Kerry Conran,3,$451M,6
Kevin Bray,3,$266M,7
Kevin Costner,10,$912M,7
Kevin Donovan,7,$905M,10
Kevin Greutert,8,$782M,10
Kevin Hooks,10,$978M,10
Kevin Lewis,2,$548M,8
Kevin Lima,5,$737M,7
Kevin Macdonald,10,$818M,6
Kevin Munroe,9,$65M,7
Kevin Reynolds,6,$273M,7
Kevin Rodney Sullivan,5,$331M,6
Kevin Smith,1,$127M,10
Kim Ki-duk,9,$310M,7
Kimberly Peirce,2,$95M,7
Kinji Fukasaku,9,$833M,9
Kinka Usher,8,$175M,6
Kiranraj K,9,$535M,10
Kirk Jones,9,$560M,8
Kirk Wong,8,$879M,10
Kirsten Sheridan,8,$921M,6
Kitao Sakurai,4,$974M,8
Kivanç Baruönü,1,$782M,10
Klay Hall,2,$230M,9
Kornél Mundruczó,9,$140M,7
Kristian Levring,4,$871M,7
Krzysztof Kieslowski,5,$959M,8
Kunal Kohli,8,$243M,6
Kurt Wimmer,1,$638M,10
Kwang Il Han,2,$857M,6
Kyle Newacheck,5,$118M,7
Kyle Newman,6,$308M,10
Kyle Patrick Alvarez,5,$248M,6
Ladj Ly,7,$242M,7
Lake Bell,8,$36M,8
Lana Wachowski,6,$371M,7
Larry Charles,6,$624M,10
Larry Clark,3,$3M,6
Lars Klevberg,9,$779M,8
Lars von Trier,6,$436M,6
Larysa Kondracki,4,$504M,8
Lasse Hallström,6,$745M,7
Laurence Dunmore,1,$27M,8
Laurent Cantet,8,$795M,7
Lawrence Guterman,2,$690M,6
Lawrence Kasdan,8,$324M,8
Lee Chang-dong,2,$372M,9
Lee Daniels,9,$837M,9
Lee Isaac Chung,3,$531M,6
Lee Tamahori,6,$419M,7
Lee Toland Krieger,7,$464M,9
Lee Unkrich,5,$251M,7
Leigh Janiak,3,$464M,6
Leigh Whannell,8,$64M,8
Len Wiseman,5,$66M,8
Lennart Ruff,8,$146M,8
Lenny Abrahamson,3,$8M,6
Leo McCarey,2,$470M,9
Leonard Nimoy,6,$758M,7
Leos Carax,3,$551M,8
Les Mayfield,5,$616M,8
Lesli Linka Glatter,7,$729M,7
Leslie H. Martinson,5,$193M,8
Leslye Headland,3,$502M,6
Levan Gabriadze,6,$684M,6
Levent Semerci,3,$935M,8
Lewis Gilbert,3,$398M,7
Lewis Milestone,9,$16M,8
Lewis Teague,10,$271M,6
Lexi Alexander,2,$263M,9
Liam Lynch,6,$410M,8
Liev Schreiber,4,$206M,7
Lin Oeding,5,$972M,7
Lin-Manuel Miranda,5,$881M,6
Lisa Azuelos,7,$207M,6
Lisa Cholodenko,8,$690M,8
Lisa Joy,2,$333M,8
Liz Friedlander,9,$792M,10
Lokesh Kanagaraj,3,$376M,8
Lone Scherfig,6,$125M,10
Lorcan Finnegan,7,$777M,10
Lorene Scafaria,8,$255M,9
Louis Leterrier,7,$636M,8
Louis Malle,9,$11M,10
Luc Besson,7,$260M,6
Luca Guadagnino,5,$629M,6
Luchino Visconti,6,$213M,6
Lucia Aniello,7,$98M,7
Lucky McKee,9,$43M,10
Luis Buñuel,6,$168M,10
Luis Llosa,7,$704M,8
Luis Mandoki,9,$921M,8
Luis Prieto,2,$17M,8
Luis Valdez,4,$802M,10
Lukas Moodysson,6,$216M,7
Luke Greenfield,4,$388M,10
Luke Scott,7,$780M,8
Lulu Wang,7,$248M,8
Lynn Shelton,6,$225M,6
Lynne Ramsay,9,$575M,7
László Nemes,4,$327M,6
M. Night Shyamalan,10,$65M,6
M.J. Bassett,7,$485M,9
Mabrouk El Mechri,10,$586M,8
Macon Blair,8,$601M,10
Madhavan,9,$233M,9
Maggie Carey,3,$744M,10
Maggie Gyllenhaal,1,$920M,7
Mahesh Bhatt,8,$472M,7
Mahesh Manjrekar,7,$584M,9
Majid Majidi,2,$118M,6
Makoto Kamiya,4,$647M,6
Makoto Shinkai,8,$621M,6
Malcolm D. Lee,10,$38M,7
Mamoru Hosoda,7,$631M,8
Mamoru Oshii,7,$680M,6
Maneesh Sharma,6,$986M,9
Mani Ratnam,5,$2M,6
Marc Forster,9,$842M,9
Marc Lawrence,2,$658M,9
Marc Rocco,3,$221M,7
Marc Rothemund,3,$501M,6
Marc Schölermann,2,$101M,9
Marc Webb,10,$585M,8
Marcel Langenegger,5,$169M,7
Marco Brambilla,6,$216M,9
Marco Schnabel,9,$707M,6
Marcos Siega,9,$225M,8
Marcus Dunstan,5,$666M,6
Marcus Nispel,2,$765M,9
Marcus Raboy,5,$132M,7
Maren Ade,2,$66M,8
Marielle Heller,4,$598M,8
Mario Van Peebles,2,$808M,10
Marjane Satrapi,7,$995M,10
Mark A.Z. Dippé,7,$556M,7
Mark Christopher,7,$860M,10
Mark Dindal,3,$80M,8
Mark Helfrich,10,$255M,6
Mark Herman,3,$671M,9
Mark Jones,4,$639M,6
Mark L. Lester,4,$431M,6
Mark Mylod,10,$379M,9
Mark Osborne,1,$432M,7
Mark Palansky,3,$288M,7
Mark Pellington,1,$138M,10
Mark Romanek,10,$584M,9
Mark Rosman,10,$880M,10
Mark Rydell,3,$547M,6
Mark Steven Johnson,4,$307M,8
Mark Tonderai,10,$155M,6
Mark Waters,6,$925M,8
Mark Williams,7,$835M,8
Martha Coolidge,5,$9M,10
Marti Noxon,2,$709M,9
Martin Brest,9,$623M,7
Martin Campbell,5,$990M,7
Martin Koolhoven,7,$270M,6
Martin McDonagh,10,$938M,8
Martin Scorsese,10,$231M,7
Martin Zandvliet,10,$814M,8
Marwan Hamed,1,$16M,8
Mary Harron,2,$826M,10
Masahiro Hosoda,5,$965M,8
Masaki Kobayashi,8,$866M,8
Masayuki Ochiai,1,$549M,7
Massy Tadjedin,10,$874M,8
Mathieu Kassovitz,2,$146M,9
Matt Brown,8,$340M,9
Matt Palmer,1,$849M,8
Matt Reeves,4,$410M,7
Matt Ross,10,$211M,9
Matt Spicer,4,$413M,9
Matt Williams,2,$337M,8
Matteo Garrone,2,$162M,6
Matthew Bright,8,$159M,9
Matthew Michael Carnahan,5,$140M,7
Matthew Robbins,9,$801M,9
Matthew Vaughn,10,$236M,10
Matthew Warchus,2,$438M,10
Matthias Schweighöfer,1,$280M,9
Matthijs van Heijningen Jr.,9,$959M,10
Max Barbakow,5,$814M,7
Max Joseph,7,$610M,7
Max Mayer,8,$305M,8
Max Nichols,2,$83M,10
Maïmouna Doucouré,7,$953M,8
McG,2,$794M,7
Meghna Gulzar,8,$569M,6
Mehmet Ada _ztekin,6,$466M,6
Mel Brooks,6,$652M,9
Mel Gibson,5,$167M,6
Mel Smith,9,$920M,6
Melina Matsoukas,6,$306M,9
Menahem Golan,3,$700M,7
Mennan Yapo,3,$925M,9
Michael Anderson,6,$999M,6
Michael Apted,3,$974M,9
Michael Bay,9,$11M,10
Michael Brandt,1,$556M,6
Michael Caton-Jones,4,$586M,6
Michael Chaves,2,$582M,7
Michael Cimino,7,$704M,9
Michael Crichton,3,$313M,7
Michael Cristofer,1,$139M,9
Michael Cuesta,7,$383M,9
Michael Curtiz,6,$415M,6
Michael Davis,8,$897M,10
Michael Dougherty,10,$142M,7
Michael Dowse,10,$504M,10
Michael Dudok de Wit,2,$730M,8
Michael Engler,8,$716M,9
Michael Fimognari,2,$302M,10
Michael Gottlieb,3,$178M,9
Michael Gracey,10,$232M,9
Michael Haneke,9,$424M,8
Michael Hoffman,10,$730M,8
Michael Lehmann,8,$598M,8
Michael Lembeck,9,$819M,8
Michael Mann,4,$794M,9
Michael Matthews,2,$485M,6
Michael McCullers,6,$409M,10
Michael Noer,3,$479M,10
Michael Patrick Jann,1,$78M,9
Michael Patrick King,2,$236M,6
Michael Powell,1,$266M,9
Michael Pressman,1,$420M,9
Michael Radford,9,$504M,7
Michael Ritchie,2,$678M,7
Michael Rymer,7,$686M,6
Michael Sarnoski,1,$590M,10
Michael Showalter,1,$396M,9
Michael Sucsy,7,$182M,6
Michael Tiddes,5,$301M,10
Michael Tollin,8,$574M,10
Michael Winner,1,$423M,10
Michael Winterbottom,3,$197M,10
Michaël R. Roskam,10,$268M,10
Michel Gondry,7,$119M,7
Michel Hazanavicius,5,$128M,9
Michelangelo Antonioni,8,$491M,8
Mick Jackson,6,$345M,10
Miguel Arteta,10,$529M,9
Miguel Sapochnik,10,$49M,10
Mikael Håfström,2,$650M,9
Mikael Salomon,8,$385M,8
Mike Barker,3,$950M,7
Mike Bigelow,10,$29M,7
Mike Binder,9,$906M,8
Mike Cahill,8,$215M,8
Mike Figgis,3,$962M,6
Mike Flanagan,1,$587M,7
Mike Hodges,9,$640M,7
Mike Judge,2,$881M,10
Mike Leigh,6,$562M,7
Mike Mills,2,$260M,8
Mike Mitchell,6,$976M,8
Mike Newell,1,$20M,9
Mike Nichols,7,$552M,9
Mike Rohl,5,$723M,8
Mikkel Nørgaard,8,$912M,9
Milos Forman,2,$882M,6
Mimi Cave,7,$323M,8
Mimi Leder,1,$576M,6
Mira Nair,3,$403M,6
Miranda July,4,$478M,6
Mitchell Lichtenstein,10,$936M,8
Mohit Suri,2,$453M,7
Morgan Matthews,9,$889M,6
Mort Nathan,2,$389M,7
Morten Tyldum,9,$914M,7
Moustapha Akkad,3,$589M,9
Mukesh Chhabra,8,$674M,6
Na Hong-jin,6,$883M,10
Nacho Vigalondo,8,$157M,6
Nadine Labaki,10,$854M,7
Nahnatchka Khan,8,$803M,10
Nancy Meyers,5,$463M,8
Nanette Burstein,1,$388M,10
Naoko Yamada,4,$390M,9
Nash Edgerton,2,$174M,9
Natalie Erika James,3,$976M,6
Navot Papushado,7,$685M,9
Neal Israel,2,$399M,8
Neeraj Ghaywan,9,$706M,9
Neeraj Pandey,9,$767M,8
Neil Armfield,7,$498M,8
Neil Burger,5,$636M,8
Neil Jordan,6,$759M,7
Neil LaBute,8,$982M,6
Neil Marshall,1,$128M,8
Neill Blomkamp,5,$809M,6
Nelson Dilipkumar,6,$28M,7
Nelson McCormick,9,$4M,7
Nelson Shin,5,$569M,9
Newt Arnold,2,$834M,10
Niall Johnson,5,$442M,8
Nic Mathieu,5,$650M,7
Nicholas Hytner,6,$40M,6
Nicholas Jarecki,2,$159M,10
Nicholas McCarthy,4,$141M,8
Nicholas Meyer,10,$193M,10
Nicholas Ray,1,$255M,7
Nicholas Stoller,7,$711M,6
Nicholas Tomnay,6,$677M,6
Nicholaus Goossen,9,$459M,10
Nick Cassavetes,4,$0M,10
Nick Castle,10,$164M,7
Nick Hamm,9,$929M,8
Nick Hurran,9,$613M,9
Nick Love,10,$778M,7
Nick Moore,1,$519M,9
Nick Murphy,4,$189M,7
Nicolai Fuglsig,3,$693M,10
Nicolas Roeg,4,$145M,9
Nicolas Winding Refn,10,$185M,7
Nicole Holofcener,10,$334M,8
Nicole Kassell,3,$366M,9
Niels Arden Oplev,6,$681M,6
Niels Mueller,5,$371M,10
Nigel Cole,3,$290M,8
Niki Caro,1,$379M,8
Nikkhil Advani,8,$1M,7
Nikolaj Arcel,1,$109M,6
Nima Nourizadeh,1,$801M,9
Nimród Antal,1,$247M,10
Nisha Ganatra,6,$343M,9
Nishikant Kamat,3,$411M,9
Nitesh Tiwari,3,$45M,6
Noah Baumbach,6,$580M,9
Noam Murro,10,$528M,9
Nobuhiko _bayashi,3,$72M,7
Nora Ephron,1,$799M,8
Nora Fingscheidt,10,$390M,6
Nora Twomey,3,$69M,7
Norman Jewison,6,$59M,9
Nuri Bilge Ceylan,6,$477M,8
Ol Parker,6,$428M,10
Olatunde Osunsanmi,7,$935M,8
Ole Bornedal,8,$349M,9
Oliver Hirschbiegel,6,$559M,6
Oliver Parker,8,$314M,9
Oliver Stone,3,$145M,9
Olivia Newman,3,$514M,10
Olivia Wilde,10,$599M,8
Olivier Assayas,5,$305M,9
Olivier Dahan,8,$161M,9
Olivier Megaton,10,$782M,8
Om Raut,1,$517M,6
Omar Naim,3,$360M,7
Oren Moverman,1,$957M,9
Oren Peli,8,$794M,9
Oriol Paulo,4,$204M,10
Orson Welles,9,$261M,6
Otto Bathurst,6,$2M,9
Otto Preminger,9,$431M,8
Oz Perkins,7,$292M,10
P.J. Hogan,2,$975M,9
Pablo Larraín,4,$265M,10
Paco Cabezas,10,$897M,6
Paddy Considine,8,$620M,10
Panos Cosmatos,7,$440M,6
Paolo Genovese,8,$339M,7
Paolo Sorrentino,5,$393M,7
Paris Barclay,9,$774M,8
Park Chan-wook,1,$262M,8
Pascal Chaumeil,3,$5M,6
Pascal Laugier,8,$72M,7
Pat O'Connor,1,$199M,10
Pat Proft,4,$762M,6
Patricia Birch,9,$118M,9
Patricia Riggen,1,$19M,9
Patrick Alessandrin,2,$457M,10
Patrick Brice,6,$584M,9
Patrick Hughes,7,$460M,9
Patrick Lussier,3,$238M,6
Patrick Read Johnson,8,$750M,6
Patrick Tatopoulos,5,$878M,9
Patrick Vollrath,7,$129M,6
Patty Jenkins,10,$657M,6
Paul Bartel,2,$431M,9
Paul Brickman,6,$714M,7
Paul Dano,10,$517M,9
Paul Feig,4,$346M,8
Paul Greengrass,2,$552M,10
Paul Haggis,1,$174M,9
Paul Hunter,2,$204M,10
Paul King,5,$470M,10
Paul McGuigan,8,$321M,9
Paul Michael Glaser,3,$15M,10
Paul Schrader,5,$400M,10
Paul T. Scheuring,2,$847M,8
Paul Thomas Anderson,4,$406M,9
Paul Verhoeven,8,$205M,10
Paul W.S. Anderson,5,$75M,6
Paul Weiland,3,$136M,10
Paul Weitz,5,$533M,8
Pawan Kripalani,6,$528M,10
Pawel Pawlikowski,2,$990M,10
Pedro Almodóvar,8,$569M,8
Penelope Spheeris,8,$38M,10
Penny Marshall,6,$134M,10
Perry Andelin Blake,6,$469M,6
Pete Travis,6,$984M,7
Peter Atencio,2,$560M,6
Peter Berg,8,$615M,6
Peter Billingsley,7,$709M,6
Peter Bogdanovich,7,$27M,6
Peter Bonerz,1,$770M,7
Peter Cattaneo,3,$913M,10
Peter Chelsom,4,$123M,10
Peter Collinson,9,$661M,10
Peter Cornwell,2,$559M,8
Peter Faiman,7,$242M,9
Peter Farrelly,9,$278M,10
Peter Greenaway,3,$361M,8
Peter Hedges,10,$54M,9
Peter Hewitt,8,$590M,7
Peter Howitt,9,$22M,7
Peter Hyams,3,$299M,9
Peter Jackson,5,$894M,6
Peter Kosminsky,4,$947M,10
Peter Landesman,1,$675M,8
Peter Lepeniotis,3,$78M,9
Peter MacDonald,7,$820M,9
Peter Medak,3,$316M,7
Peter Mullan,4,$707M,8
Peter O'Fallon,7,$647M,7
Peter R. Hunt,3,$447M,9
Peter Ramsey,10,$19M,6
Peter Sattler,7,$284M,6
Peter Segal,9,$530M,8
Peter Sohn,1,$240M,9
Peter Sollett,8,$280M,6
Peter Stebbings,4,$254M,9
Peter Thorwarth,4,$704M,6
Peter Webber,9,$810M,6
Peter Weir,5,$844M,8
Peter Yates,4,$733M,9
Peyton Reed,10,$453M,10
Phil Alden Robinson,3,$210M,8
Phil Joanou,4,$350M,10
Phil Traill,3,$725M,7
Philip G. Atwell,1,$650M,9
Philip Kaufman,8,$788M,9
Philipp Stölzl,9,$196M,7
Philippe de Chauveron,1,$631M,10
Philippe Falardeau,1,$883M,6
Phillip Noyce,4,$732M,8
Phyllida Lloyd,1,$944M,7
Pier Paolo Pasolini,2,$123M,6
Pierre Morel,10,$802M,9
Pierre Perifel,7,$927M,7
Pierre Salvadori,5,$453M,6
Pitof,7,$859M,9
Potsy Ponciroli,1,$392M,7
Prabhu Deva,7,$353M,8
Prachya Pinkaew,2,$695M,9
Prashanth Neel,4,$203M,9
Predrag Antonijevic,7,$466M,10
Preston Sturges,5,$173M,9
Priyadarshan,9,$431M,9
Puri Jagannadh,6,$948M,8
Quentin Dupieux,5,$538M,9
Quentin Tarantino,3,$542M,10
R. Balki,6,$159M,9
R.J. Cutler,9,$762M,6
Rachel Talalay,9,$169M,6
Radha Krishna Jagarlamudi,5,$799M,10
Rahul Dholakia,9,$602M,10
Raj Mehta,8,$53M,8
Raja Gosnell,5,$59M,7
Raja Menon,3,$12M,7
Rajkumar Hirani,8,$614M,9
Rajkumar Santoshi,7,$958M,9
Rakeysh Omprakash Mehra,5,$467M,10
Ralph Bakshi,2,$12M,9
Ralph Fiennes,9,$534M,10
Ram Kumar,6,$515M,10
Ram Madhvani,4,$285M,8
Ramesh Sippy,1,$0M,6
Ramin Bahrani,4,$968M,8
Rand Ravich,10,$216M,9
Randal Kleiser,4,$707M,10
Randall Wallace,1,$637M,7
Raoul Walsh,10,$690M,9
Rawson Marshall Thurber,7,$592M,9
Raymond De Felitta,2,$366M,6
Regina King,10,$565M,7
Reginald Hudlin,10,$175M,8
Reinaldo Marcus Green,3,$170M,9
Remi Weekes,9,$399M,7
Remo D'Souza,7,$323M,8
Renny Harlin,6,$875M,9
René Laloux,2,$718M,9
Rian Johnson,4,$483M,6
Ric Roman Waugh,9,$712M,9
Rich Moore,4,$59M,7
Richard Attenborough,2,$103M,7
Richard Ayoade,2,$748M,6
Richard Benjamin,1,$599M,7
Richard Berry,1,$846M,6
Richard Brooks,5,$983M,7
Richard C. Sarafian,1,$636M,6
Richard Curtis,1,$15M,9
Richard Donner,4,$124M,6
Richard Eyre,2,$703M,7
Richard Fleischer,10,$9M,10
Richard Franklin,6,$583M,9
Richard J. Lewis,7,$803M,10
Richard Kelly,2,$201M,8
Richard LaGravenese,10,$486M,10
Richard Lester,9,$558M,6
Richard Linklater,1,$983M,9
Richard Loncraine,10,$996M,8
Richard Marquand,7,$900M,7
Richard Rich,8,$28M,7
Richard Schenkman,7,$190M,7
Richard Shepard,4,$828M,8
Richard Stanley,2,$81M,9
Richie Keen,5,$572M,10
Richie Smyth,2,$537M,7
Rick Famuyiwa,10,$798M,8
Rick Friedberg,10,$399M,10
Ridley Scott,2,$589M,6
Riley Stearns,8,$851M,10
Rishab Shetty,6,$358M,6
Ritesh Batra,4,$717M,6
Roar Uthaug,5,$936M,10
Rob Bowman,10,$789M,8
Rob Burnett,6,$331M,10
Rob Cohen,9,$606M,8
Rob Greenberg,4,$261M,7
Rob Letterman,2,$97M,9
Rob Marshall,2,$596M,7
Rob McKittrick,6,$878M,6
Rob Minkoff,3,$575M,8
Rob Reiner,2,$675M,9
Rob Savage,9,$585M,9
Rob Schneider,10,$211M,9
Rob Thomas,8,$298M,10
Rob Zombie,6,$525M,6
Robert Aldrich,9,$887M,10
Robert Altman,2,$154M,6
Robert B. Weide,10,$230M,10
Robert Ben Garant,8,$750M,7
Robert Benton,3,$86M,7
Robert Clouse,4,$147M,9
Robert Connolly,8,$633M,9
Robert De Niro,1,$963M,9
Robert Eggers,10,$383M,10
Robert Hamer,10,$106M,8
Robert Harmon,3,$567M,7
Robert Iscove,8,$289M,10
Robert Lieberman,9,$817M,9
Robert Longo,1,$147M,9
Robert Lorenz,2,$663M,6
Robert Luketic,4,$83M,6
Robert Moore,3,$625M,7
Robert Mulligan,10,$850M,9
Robert Redford,8,$918M,9
Robert Rodriguez,2,$664M,6
Robert Rossen,10,$86M,9
Robert Schwentke,5,$225M,10
Robert Stevenson,3,$881M,9
Robert Towne,9,$984M,6
Robert Wiene,7,$748M,8
Robert Wise,6,$423M,8
Robert Zemeckis,9,$533M,10
Roberto Benigni,2,$820M,10
Roberto Rossellini,4,$82M,8
Robin Hardy,6,$793M,10
Robin Pront,4,$650M,6
Robin Swicord,7,$475M,10
Rod Daniel,2,$721M,7
Rod Lurie,7,$359M,8
Rodman Flender,1,$522M,9
Rodo Sayagues,1,$130M,9
Rodrigo Cortés,3,$948M,9
Rodrigo García,3,$374M,7
Roger Avary,4,$482M,8
Roger Donaldson,3,$677M,7
Roger Kumble,1,$811M,6
Roger Michell,6,$76M,9
Roger Spottiswoode,3,$683M,6
Roger Vadim,8,$975M,8
Rohit Shetty,9,$318M,7
Roland Emmerich,3,$917M,9
Roland Joffé,4,$249M,10
Roman Polanski,5,$575M,9
Ron Howard,7,$133M,7
Ron Maxwell,8,$118M,9
Ron Shelton,10,$370M,6
Ron Underwood,2,$455M,10
Ronald Neame,5,$684M,9
Ronny Yu,8,$385M,8
Rose Glass,6,$199M,9
Ross Katz,7,$450M,8
Rowan Joffe,8,$969M,6
Rowdy Herrington,7,$993M,9
Ruben _stlund,10,$156M,6
Ruben Fleischer,4,$481M,9
Rumi Jaffery,2,$333M,10
Rupert Goold,2,$873M,9
Rupert Sanders,7,$124M,8
Rupert Wainwright,3,$991M,7
Rupert Wyatt,4,$682M,6
Russell Crowe,1,$197M,7
Russell Mulcahy,3,$78M,9
Ry Russo-Young,6,$291M,6
Ryan Coogler,4,$380M,8
Ryan Fleck,8,$254M,9
Ryan Murphy,8,$257M,6
Ryûhei Kitamura,2,$8M,10
Ryûsuke Hamaguchi,9,$308M,10
RZA,9,$652M,9
S. Craig Zahler,8,$529M,10
S. Shankar,6,$228M,9
S.S. Rajamouli,1,$633M,6
Sacha Gervasi,3,$372M,10
Sajid Nadiadwala,10,$877M,9
Saket Chaudhary,9,$199M,9
Sam Hargrave,7,$584M,10
Sam Levinson,8,$906M,6
Sam Liu,9,$742M,9
Sam Mendes,5,$157M,8
Sam Peckinpah,9,$879M,6
Sam Raimi,8,$983M,10
Sam Taylor-Johnson,1,$113M,9
Sam Weisman,4,$310M,10
Sammo Kam-Bo Hung,7,$411M,6
Samuel Bayer,10,$460M,7
Sanaa Hamri,3,$111M,8
Sandeep Reddy Vanga,2,$659M,6
Sang-ho Yeon,5,$338M,9
Sanjay Gadhvi,6,$764M,10
Sanjay Gupta,9,$557M,9
Sanjay Leela Bhansali,8,$888M,6
Sara Sugarman,4,$789M,7
Sarah Gavron,6,$793M,9
Sarah Polley,8,$213M,10
Sashi Kiran Tikka,4,$315M,10
Satoshi Kon,4,$683M,10
Satyajit Ray,10,$823M,9
Saul Dibb,5,$79M,9
Savage Steve Holland,5,$528M,8
Scott Aukerman,9,$59M,9
Scott Cooper,1,$884M,8
Scott Derrickson,2,$739M,7
Scott Frank,6,$746M,8
Scott Hicks,1,$114M,8
Scott Kalvert,8,$373M,10
Scott Mann,3,$225M,7
Scott Sanders,1,$449M,6
Scott Speer,6,$192M,8
Scott Stewart,9,$518M,7
Scott Walker,7,$988M,7
Scott Waugh,3,$439M,10
Scott Wiper,2,$912M,10
Scott Z. Burns,6,$567M,6
Sean Anders,3,$168M,7
Sean Baker,5,$63M,9
Sean Byrne,3,$555M,8
Sean Durkin,4,$22M,7
Sean Ellis,1,$656M,8
Sean McNamara,3,$64M,9
Sean Penn,3,$347M,7
Sean S. Cunningham,8,$387M,10
Sebastian Schipper,10,$996M,7
Sebastián Cordero,6,$833M,10
Sebastián Lelio,1,$25M,6
Sergei Bodrov,9,$720M,9
Sergei Eisenstein,4,$354M,10
Sergio Corbucci,8,$372M,10
Sergio G. Sánchez,1,$379M,8
Sergio Leone,7,$598M,10
Seth Gordon,5,$213M,10
Seth MacFarlane,6,$828M,6
Shainee Gabel,8,$35M,6
Shaka King,9,$215M,9
Shakun Batra,6,$600M,8
Shana Feste,1,$786M,8
Shane Acker,8,$120M,9
Shane Black,9,$353M,7
Shane Carruth,5,$204M,7
Shane Meadows,7,$479M,10
Sharon Maguire,9,$967M,8
Shawn Levy,9,$386M,7
Shekhar Kapur,4,$708M,6
Sheldon Lettich,3,$629M,7
Shimit Amin,4,$76M,10
Shoojit Sircar,4,$644M,10
Shûsuke Kaneko,3,$373M,7
Sian Heder,6,$706M,9
Siddharth Anand,2,$209M,9
Siddique,3,$394M,9
Sidney Lumet,1,$980M,9
Sidney Poitier,10,$352M,9
Simon Brand,10,$876M,9
Simon Curtis,2,$688M,8
Simon Hunter,1,$592M,9
Simon Kinberg,2,$760M,7
Simon McQuoid,1,$313M,8
Simon Stone,3,$886M,6
Simon Verhoeven,3,$586M,9
Simon Wells,8,$788M,7
Simon West,3,$97M,8
Simon Wincer,10,$37M,7
Sngmoo Lee,6,$122M,8
Sofia Coppola,2,$890M,7
Spencer Susser,8,$364M,9
Spike Jonze,6,$555M,6
Spike Lee,7,$35M,7
Srdjan Spasojevic,3,$822M,9
Sriram Raghavan,9,$189M,10
Stan Dragoti,6,$96M,6
Stanley Donen,5,$549M,6
Stanley Kramer,10,$86M,9
Stanley Kubrick,8,$753M,8
Stanley Tong,5,$499M,10
Stefan Ruzowitzky,2,$11M,8
Stefano Sollima,7,$807M,9
Stella Meghie,2,$711M,8
Stephan Elliott,8,$34M,9
Stephen Chbosky,2,$684M,9
Stephen Chiodo,3,$962M,8
Stephen Chow,3,$212M,10
Stephen Daldry,8,$591M,7
Stephen Frears,8,$633M,7
Stephen Gaghan,8,$859M,7
Stephen Herek,8,$894M,8
Stephen Hopkins,5,$205M,8
Stephen J. Anderson,7,$648M,7
Stephen Kay,3,$981M,9
Stephen Kessler,8,$711M,7
Stephen King,6,$548M,8
Stephen Merchant,2,$545M,10
Stephen Norrington,1,$971M,6
Stephen Sommers,5,$424M,9
Stephen Surjik,7,$405M,10
Stephen Susco,7,$592M,9
Steve Antin,10,$430M,7
Steve Barron,8,$761M,6
Steve Bendelack,2,$0M,7
Steve Carr,6,$142M,7
Steve Gordon,9,$379M,10
Steve Martino,9,$799M,6
Steve McQueen,8,$445M,7
Steve Miner,4,$709M,7
Steve Oedekerk,1,$884M,6
Steve Pink,5,$851M,9
Steve Rash,4,$710M,8
Steve Shill,6,$301M,10
Steve 'Spaz' Williams,1,$992M,10
Steven Brill,10,$185M,10
Steven C. Miller,5,$522M,7
Steven Caple Jr.,1,$69M,9
Steven E. de Souza,3,$138M,9
Steven Knight,8,$899M,6
Steven Lisberger,7,$600M,7
Steven Quale,2,$637M,10
Steven S. DeKnight,3,$842M,6
Steven Shainberg,5,$853M,6
Steven Soderbergh,3,$208M,6
Steven Spielberg,1,$972M,9
Steven Zaillian,5,$991M,7
Stewart Hendler,3,$306M,6
Stiles White,8,$999M,8
Stuart Baird,7,$149M,10
Stuart Beattie,3,$907M,7
Stuart Blumberg,7,$50M,7
Stuart Gillard,10,$687M,10
Stuart Gordon,6,$84M,6
Stuart Hazeldine,2,$883M,7
Stuart Rosenberg,6,$578M,8
Subhash Kapoor,6,$356M,6
Sudha Kongara,4,$734M,9
Sujoy Ghosh,7,$76M,7
Sukumar,6,$743M,6
Sung-hee Jo,1,$416M,7
Susan Johnson,10,$69M,10
Susan Stroman,2,$614M,10
Susanna Fogel,2,$912M,7
Susanna White,4,$472M,10
Susannah Grant,8,$513M,9
Susanne Bier,3,$864M,10
Sydney Pollack,5,$640M,8
Sylvain Chomet,9,$699M,6
Sylvain White,9,$325M,7
Sylvester Stallone,8,$404M,7
T.J. Gnanavel,10,$284M,10
Taika Waititi,10,$408M,8
Takashi Miike,9,$637M,7
Takashi Shimizu,2,$430M,9
Takeshi Kitano,10,$960M,8
Tamara Jenkins,3,$958M,8
Tamra Davis,6,$816M,7
Tanya Wexler,8,$256M,7
Tarsem Singh,8,$606M,6
Tate Taylor,7,$358M,6
Tatsuya Nagamine,10,$731M,6
Taylor Hackford,2,$312M,7
Taylor Sheridan,2,$354M,6
Ted Demme,10,$163M,10
Ted Kotcheff,10,$291M,9
Ted Post,3,$470M,7
Terence Fisher,1,$40M,8
Terence Young,8,$189M,7
Terrence Malick,1,$249M,6
Terry George,7,$987M,6
Terry Gilliam,6,$800M,9
Terry Jones,8,$227M,7
Terry Zwigoff,9,$9M,6
Tetsuya Nakashima,7,$729M,8
Thea Sharrock,5,$992M,9
Theodore Melfi,7,$931M,6
Thomas Bezucha,10,$680M,8
Thomas Carter,7,$645M,8
Thomas Jahn,2,$101M,7
Thomas Kail,4,$776M,10
Thomas Schlamme,3,$290M,7
Thomas Vinterberg,6,$878M,6
Thor Freudenthal,5,$307M,7
Ti West,3,$737M,6
Tigmanshu Dhulia,6,$727M,7
Tim Blake Nelson,8,$325M,6
Tim Burton,9,$916M,10
Tim Fywell,7,$882M,7
Tim Hill,10,$497M,10
Tim Johnson,8,$415M,9
Tim McCanlies,10,$140M,9
Tim Miller,2,$266M,8
Tim Robbins,1,$107M,7
Tim Story,2,$906M,10
Timo Tjahjanto,5,$158M,10
Timo Vuorensola,6,$105M,7
Timur Bekmambetov,10,$813M,10
Tinto Brass,5,$165M,9
Tinu Suresh Desai,4,$635M,9
Tobe Hooper,5,$85M,10
Tod Browning,6,$954M,6
Tod Williams,4,$42M,8
Todd Field,2,$100M,6
Todd Haynes,2,$787M,6
Todd Kessler,9,$644M,6
Todd Phillips,6,$277M,8
Todd Solondz,10,$502M,9
Todd Strauss-Schulson,4,$93M,7
Togan Gökbakar,10,$424M,6
Tom Brady,8,$973M,9
Tom Dey,8,$718M,6
Tom Ford,3,$741M,8
Tom Gormican,9,$447M,9
Tom Green,3,$630M,10
Tom Hanks,8,$531M,7
Tom Harper,10,$90M,9
Tom Hooper,1,$24M,6
Tom Mankiewicz,8,$540M,7
Tom McCarthy,4,$379M,7
Tom McGrath,5,$226M,7
Tom Putnam,5,$542M,9
Tom Ropelewski,5,$811M,6
Tom Shadyac,5,$374M,6
Tom Tykwer,3,$845M,9
Tom Vaughan,8,$826M,10
Tomas Alfredson,2,$260M,6
Tomm Moore,3,$918M,6
Tommy Lee Jones,3,$74M,6
Tommy Lee Wallace,6,$507M,10
Tommy O'Haver,6,$876M,8
Tommy Wirkola,4,$963M,9
Tommy Wiseau,2,$884M,10
Tonino Valerii,2,$345M,6
Tony Bill,9,$123M,6
Tony Cervone,3,$927M,9
Tony Elliott,7,$336M,7
Tony Giglio,4,$430M,9
Tony Gilroy,5,$13M,6
Tony Goldwyn,7,$80M,6
Tony Kaye,3,$99M,7
Tony Leondis,7,$283M,10
Tony Scott,7,$586M,8
Travis Knight,8,$597M,10
Trey Edward Shults,5,$73M,10
Trey Parker,6,$748M,10
Trish Sie,7,$772M,10
Troy Duffy,7,$386M,6
Troy Miller,9,$17M,9
Tyler Spindel,3,$359M,9
Uli Edel,1,$385M,10
Umesh Shukla,2,$604M,7
Vadim Perelman,5,$338M,9
Valdimar Jóhannsson,5,$507M,10
Vetrimaaran,9,$885M,10
Vicky Jewson,4,$454M,7
Victor Levin,9,$386M,7
Victor Salva,4,$270M,10
Vijay Krishna Acharya,1,$722M,8
Vikas Bahl,3,$452M,6
Vikramaditya Motwane,8,$231M,10
Vince Gilligan,3,$769M,9
Vince Marcello,9,$260M,7
Vincent Gallo,1,$850M,7
Vincent Ward,8,$152M,8
Vincente Minnelli,4,$543M,7
Vincenzo Natali,5,$118M,9
Vinil Mathew,3,$699M,10
Vishal Bhardwaj,10,$968M,7
Vishnuvardhan,7,$931M,6
Vittorio De Sica,5,$779M,7
Vivek Agnihotri,4,$848M,10
W.D. Richter,10,$313M,7
W.S. Van Dyke,10,$629M,7
Wagner Moura,1,$930M,6
Wally Pfister,2,$730M,9
Walt Becker,8,$117M,6
Walter Hill,6,$668M,8
Walter Lang,10,$741M,7
Walter Murch,1,$157M,10
Walter Salles,10,$325M,10
Warren Beatty,7,$767M,10
Wayne Kramer,9,$789M,9
Wayne Roberts,8,$263M,8
Wayne Wang,3,$262M,8
Wei Lo,10,$578M,9
Werner Herzog,5,$80M,6
Wes Anderson,5,$605M,8
Wes Ball,3,$162M,10
Wes Craven,3,$323M,10
Whit Stillman,5,$438M,8
Will Gluck,6,$867M,8
Willard Huyck,7,$926M,9
William Brent Bell,5,$860M,6
William Castle,8,$818M,10
William Dear,8,$642M,9
William Eubank,3,$158M,7
William Friedkin,10,$355M,10
William Malone,2,$938M,6
William Monahan,2,$852M,8
William Peter Blatty,1,$597M,6
William Shatner,1,$533M,9
William Wyler,9,$513M,9
Wilson Yip,4,$816M,6
Wim Wenders,9,$484M,10
Wolfgang Becker,2,$26M,9
Wolfgang Petersen,1,$512M,7
Wolfgang Reitherman,9,$517M,10
Woody Allen,1,$201M,9
Woo-Ping Yuen,1,$544M,7
Xavier Dolan,4,$197M,7
Xavier Gens,8,$597M,10
Yann Demange,6,$965M,8
Yann Samuell,3,$542M,10
Yash Chopra,3,$187M,10
Yasujirô Ozu,5,$119M,8
Yavuz Turgul,9,$239M,10
Yilmaz Erdogan,5,$372M,10
Yimou Zhang,4,$108M,7
Yorgos Lanthimos,3,$976M,6
Yoshiaki Kawajiri,9,$691M,6
Yoshifumi Kondô,9,$824M,6
Yôjirô Takita,7,$802M,8
Zach Braff,9,$295M,10
Zach Helm,10,$409M,7
Zack Snyder,10,$271M,10
Zak Hilditch,6,$46M,6
Zal Batmanglij,7,$857M,9
Zaza Urushadze,9,$757M,9
Zoya Akhtar,8,$170M,8